original_path,augmented_path,original_duration,augmented_duration,speed_applied,speed_rate_applied,pitch_applied,noise_applied,time_mask_applied,augmentation_type
040-173.wav,040-173_augmented_spd_pch.wav,9.1103,9.3208,True,0.9774,True,False,False,AugmentationType.SPEED|PITCH
040-173.wav,040-173_augmented_spd_nse.wav,9.1103,9.7187,True,0.9374,False,True,False,AugmentationType.SPEED|NOISE
040-173.wav,040-173_augmented_pch_msk.wav,9.1103,9.1103,False,1.0,True,False,True,AugmentationType.PITCH|TIME_MASK
040-173.wav,040-173_augmented_nse_msk.wav,9.1103,9.1103,False,1.0,False,True,False,AugmentationType.NOISE|TIME_MASK
027-60.wav,027-60_augmented_spd_pch.wav,9.65,9.9474,True,0.9701,True,False,False,AugmentationType.SPEED|PITCH
027-60.wav,027-60_augmented_spd_nse.wav,9.65,12.8128,True,0.7532,False,True,False,AugmentationType.SPEED|NOISE
027-60.wav,027-60_augmented_pch_msk.wav,9.65,9.65,False,1.0,True,False,True,AugmentationType.PITCH|TIME_MASK
027-60.wav,027-60_augmented_nse_msk.wav,9.65,9.65,False,1.0,False,True,True,AugmentationType.NOISE|TIME_MASK
034-123.wav,034-123_augmented_spd_pch.wav,19.1446,16.9305,True,1.1308,True,False,False,AugmentationType.SPEED|PITCH
034-123.wav,034-123_augmented_spd_nse.wav,19.1446,20.458,True,0.9358,False,True,False,AugmentationType.SPEED|NOISE
034-123.wav,034-123_augmented_pch_msk.wav,19.1446,19.1446,False,1.0,True,False,False,AugmentationType.PITCH|TIME_MASK
034-123.wav,034-123_augmented_nse_msk.wav,19.1446,19.1446,False,1.0,False,True,True,AugmentationType.NOISE|TIME_MASK
031-69.wav,031-69_augmented_spd_pch.wav,16.0316,11.1944,True,1.4321,True,False,False,AugmentationType.SPEED|PITCH
031-69.wav,031-69_augmented_spd_nse.wav,16.0316,10.8377,True,1.4792,False,False,False,AugmentationType.SPEED|NOISE
031-69.wav,031-69_augmented_pch_msk.wav,16.0316,16.0316,False,1.0,True,False,True,AugmentationType.PITCH|TIME_MASK
031-69.wav,031-69_augmented_nse_msk.wav,16.0316,16.0316,False,1.0,False,True,True,AugmentationType.NOISE|TIME_MASK
005-33.wav,005-33_augmented_spd_pch.wav,6.12,5.3811,True,1.1373,True,False,False,AugmentationType.SPEED|PITCH
005-33.wav,005-33_augmented_spd_nse.wav,6.12,5.9337,True,1.0314,False,False,False,AugmentationType.SPEED|NOISE
005-33.wav,005-33_augmented_pch_msk.wav,6.12,6.12,False,1.0,True,False,False,AugmentationType.PITCH|TIME_MASK
005-33.wav,005-33_augmented_nse_msk.wav,6.12,6.12,False,1.0,False,True,False,AugmentationType.NOISE|TIME_MASK
012-125.wav,012-125_augmented_spd_pch.wav,13.3376,17.2041,True,0.7753,True,False,False,AugmentationType.SPEED|PITCH
012-125.wav,012-125_augmented_spd_nse.wav,13.3376,13.3125,True,1.0019,False,False,False,AugmentationType.SPEED|NOISE
012-125.wav,012-125_augmented_pch_msk.wav,13.3376,13.3376,False,1.0,True,False,True,AugmentationType.PITCH|TIME_MASK
012-125.wav,012-125_augmented_nse_msk.wav,13.3376,13.3376,False,1.0,False,True,True,AugmentationType.NOISE|TIME_MASK
034-114.wav,034-114_augmented_spd_pch.wav,14.8393,11.8513,True,1.2521,True,False,False,AugmentationType.SPEED|PITCH
034-114.wav,034-114_augmented_spd_nse.wav,14.8393,10.4017,True,1.4266,False,True,False,AugmentationType.SPEED|NOISE
034-114.wav,034-114_augmented_pch_msk.wav,14.8393,14.8393,False,1.0,True,False,False,AugmentationType.PITCH|TIME_MASK
034-114.wav,034-114_augmented_nse_msk.wav,14.8393,14.8393,False,1.0,False,True,True,AugmentationType.NOISE|TIME_MASK
024-36.wav,024-36_augmented_spd_pch.wav,11.6847,11.1295,True,1.0499,True,False,False,AugmentationType.SPEED|PITCH
024-36.wav,024-36_augmented_spd_nse.wav,11.6847,15.6473,True,0.7468,False,True,False,AugmentationType.SPEED|NOISE
024-36.wav,024-36_augmented_pch_msk.wav,11.6847,11.6847,False,1.0,True,False,False,AugmentationType.PITCH|TIME_MASK
024-36.wav,024-36_augmented_nse_msk.wav,11.6847,11.6847,False,1.0,False,True,False,AugmentationType.NOISE|TIME_MASK
007-86.wav,007-86_augmented_spd_pch.wav,8.4795,6.8131,True,1.2446,True,False,False,AugmentationType.SPEED|PITCH
007-86.wav,007-86_augmented_spd_nse.wav,8.4795,9.1849,True,0.9232,False,True,False,AugmentationType.SPEED|NOISE
007-86.wav,007-86_augmented_pch_msk.wav,8.4795,8.4795,False,1.0,True,False,False,AugmentationType.PITCH|TIME_MASK
007-86.wav,007-86_augmented_nse_msk.wav,8.4795,8.4795,False,1.0,False,False,True,AugmentationType.NOISE|TIME_MASK
013-91.wav,013-91_augmented_spd_pch.wav,19.77,22.7121,True,0.8705,True,False,False,AugmentationType.SPEED|PITCH
013-91.wav,013-91_augmented_spd_nse.wav,19.77,13.4637,True,1.4684,False,True,False,AugmentationType.SPEED|NOISE
013-91.wav,013-91_augmented_pch_msk.wav,19.77,19.77,False,1.0,True,False,False,AugmentationType.PITCH|TIME_MASK
013-91.wav,013-91_augmented_nse_msk.wav,19.77,19.77,False,1.0,False,True,True,AugmentationType.NOISE|TIME_MASK
040-150.wav,040-150_augmented_spd_pch.wav,16.5614,13.3741,True,1.2383,True,False,False,AugmentationType.SPEED|PITCH
040-150.wav,040-150_augmented_spd_nse.wav,16.5614,21.017,True,0.788,False,True,False,AugmentationType.SPEED|NOISE
040-150.wav,040-150_augmented_pch_msk.wav,16.5614,16.5614,False,1.0,True,False,True,AugmentationType.PITCH|TIME_MASK
040-150.wav,040-150_augmented_nse_msk.wav,16.5614,16.5614,False,1.0,False,True,True,AugmentationType.NOISE|TIME_MASK
026-78.wav,026-78_augmented_spd_pch.wav,11.25,7.6784,True,1.4652,True,False,False,AugmentationType.SPEED|PITCH
026-78.wav,026-78_augmented_spd_nse.wav,11.25,10.6911,True,1.0523,False,True,False,AugmentationType.SPEED|NOISE
026-78.wav,026-78_augmented_pch_msk.wav,11.25,11.25,False,1.0,True,False,True,AugmentationType.PITCH|TIME_MASK
026-78.wav,026-78_augmented_nse_msk.wav,11.25,11.25,False,1.0,False,True,True,AugmentationType.NOISE|TIME_MASK
041-09.wav,041-09_augmented_spd_pch.wav,11.1301,12.9433,True,0.8599,True,False,False,AugmentationType.SPEED|PITCH
041-09.wav,041-09_augmented_spd_nse.wav,11.1301,15.0783,True,0.7382,False,True,False,AugmentationType.SPEED|NOISE
041-09.wav,041-09_augmented_pch_msk.wav,11.1301,11.1301,False,1.0,True,False,False,AugmentationType.PITCH|TIME_MASK
041-09.wav,041-09_augmented_nse_msk.wav,11.1301,11.1301,False,1.0,False,True,True,AugmentationType.NOISE|TIME_MASK
011-75.wav,011-75_augmented_spd_pch.wav,13.6163,9.4728,True,1.4374,True,False,False,AugmentationType.SPEED|PITCH
011-75.wav,011-75_augmented_spd_nse.wav,13.6163,12.3581,True,1.1018,False,True,False,AugmentationType.SPEED|NOISE
011-75.wav,011-75_augmented_pch_msk.wav,13.6163,13.6163,False,1.0,True,False,False,AugmentationType.PITCH|TIME_MASK
011-75.wav,011-75_augmented_nse_msk.wav,13.6163,13.6163,False,1.0,False,True,False,AugmentationType.NOISE|TIME_MASK
039-63.wav,039-63_augmented_spd_pch.wav,12.5211,9.9849,True,1.254,True,False,False,AugmentationType.SPEED|PITCH
039-63.wav,039-63_augmented_spd_nse.wav,12.5211,11.0453,True,1.1336,False,True,False,AugmentationType.SPEED|NOISE
039-63.wav,039-63_augmented_pch_msk.wav,12.5211,12.5211,False,1.0,True,False,False,AugmentationType.PITCH|TIME_MASK
039-63.wav,039-63_augmented_nse_msk.wav,12.5211,12.5211,False,1.0,False,False,True,AugmentationType.NOISE|TIME_MASK
028-44.wav,028-44_augmented_spd_pch.wav,7.8306,5.7874,True,1.353,True,False,False,AugmentationType.SPEED|PITCH
028-44.wav,028-44_augmented_spd_nse.wav,7.8306,5.6169,True,1.3941,False,True,False,AugmentationType.SPEED|NOISE
028-44.wav,028-44_augmented_pch_msk.wav,7.8306,7.8306,False,1.0,True,False,True,AugmentationType.PITCH|TIME_MASK
028-44.wav,028-44_augmented_nse_msk.wav,7.8306,7.8306,False,1.0,False,True,True,AugmentationType.NOISE|TIME_MASK
026-82.wav,026-82_augmented_spd_pch.wav,15.21,17.3624,True,0.876,True,False,False,AugmentationType.SPEED|PITCH
026-82.wav,026-82_augmented_spd_nse.wav,15.21,16.8876,True,0.9007,False,True,False,AugmentationType.SPEED|NOISE
026-82.wav,026-82_augmented_pch_msk.wav,15.21,15.21,False,1.0,True,False,True,AugmentationType.PITCH|TIME_MASK
026-82.wav,026-82_augmented_nse_msk.wav,15.21,15.21,False,1.0,False,True,False,AugmentationType.NOISE|TIME_MASK
028-29.wav,028-29_augmented_spd_pch.wav,20.6018,19.522,True,1.0553,True,False,False,AugmentationType.SPEED|PITCH
028-29.wav,028-29_augmented_spd_nse.wav,20.6018,18.1358,True,1.136,False,False,False,AugmentationType.SPEED|NOISE
028-29.wav,028-29_augmented_pch_msk.wav,20.6018,20.6018,False,1.0,True,False,False,AugmentationType.PITCH|TIME_MASK
028-29.wav,028-29_augmented_nse_msk.wav,20.6018,20.6018,False,1.0,False,True,True,AugmentationType.NOISE|TIME_MASK
020-92.wav,020-92_augmented_spd_pch.wav,18.9792,12.7368,True,1.4901,True,False,False,AugmentationType.SPEED|PITCH
020-92.wav,020-92_augmented_spd_nse.wav,18.9792,14.2658,True,1.3304,False,True,False,AugmentationType.SPEED|NOISE
020-92.wav,020-92_augmented_pch_msk.wav,18.9792,18.9792,False,1.0,True,False,False,AugmentationType.PITCH|TIME_MASK
020-92.wav,020-92_augmented_nse_msk.wav,18.9792,18.9792,False,1.0,False,True,True,AugmentationType.NOISE|TIME_MASK
023-86.wav,023-86_augmented_spd_pch.wav,10.69,7.2671,True,1.471,True,False,False,AugmentationType.SPEED|PITCH
023-86.wav,023-86_augmented_spd_nse.wav,10.69,9.6864,True,1.1036,False,True,False,AugmentationType.SPEED|NOISE
023-86.wav,023-86_augmented_pch_msk.wav,10.69,10.69,False,1.0,True,False,True,AugmentationType.PITCH|TIME_MASK
023-86.wav,023-86_augmented_nse_msk.wav,10.69,10.69,False,1.0,False,False,True,AugmentationType.NOISE|TIME_MASK
008-71.wav,008-71_augmented_spd_pch.wav,12.8423,13.8778,True,0.9254,True,False,False,AugmentationType.SPEED|PITCH
008-71.wav,008-71_augmented_spd_nse.wav,12.8423,15.0864,True,0.8513,False,True,False,AugmentationType.SPEED|NOISE
008-71.wav,008-71_augmented_pch_msk.wav,12.8423,12.8423,False,1.0,True,False,False,AugmentationType.PITCH|TIME_MASK
008-71.wav,008-71_augmented_nse_msk.wav,12.8423,12.8423,False,1.0,False,True,True,AugmentationType.NOISE|TIME_MASK
014-100.wav,014-100_augmented_spd_pch.wav,13.3764,12.7419,True,1.0498,True,False,False,AugmentationType.SPEED|PITCH
014-100.wav,014-100_augmented_spd_nse.wav,13.3764,10.8737,True,1.2302,False,True,False,AugmentationType.SPEED|NOISE
014-100.wav,014-100_augmented_pch_msk.wav,13.3764,13.3764,False,1.0,True,False,True,AugmentationType.PITCH|TIME_MASK
014-100.wav,014-100_augmented_nse_msk.wav,13.3764,13.3764,False,1.0,False,True,False,AugmentationType.NOISE|TIME_MASK
010-75.wav,010-75_augmented_spd_pch.wav,9.7152,10.5903,True,0.9174,True,False,False,AugmentationType.SPEED|PITCH
010-75.wav,010-75_augmented_spd_nse.wav,9.7152,7.4021,True,1.3125,False,True,False,AugmentationType.SPEED|NOISE
010-75.wav,010-75_augmented_pch_msk.wav,9.7152,9.7152,False,1.0,True,False,False,AugmentationType.PITCH|TIME_MASK
010-75.wav,010-75_augmented_nse_msk.wav,9.7152,9.7152,False,1.0,False,True,True,AugmentationType.NOISE|TIME_MASK
006-63.wav,006-63_augmented_spd_pch.wav,19.0033,18.4881,True,1.0279,True,False,False,AugmentationType.SPEED|PITCH
006-63.wav,006-63_augmented_spd_nse.wav,19.0033,26.9233,True,0.7058,False,True,False,AugmentationType.SPEED|NOISE
006-63.wav,006-63_augmented_pch_msk.wav,19.0033,19.0033,False,1.0,True,False,False,AugmentationType.PITCH|TIME_MASK
006-63.wav,006-63_augmented_nse_msk.wav,19.0033,19.0033,False,1.0,False,True,False,AugmentationType.NOISE|TIME_MASK
014-70.wav,014-70_augmented_spd_pch.wav,11.0644,11.5872,True,0.9549,True,False,False,AugmentationType.SPEED|PITCH
014-70.wav,014-70_augmented_spd_nse.wav,11.0644,8.9038,True,1.2427,False,True,False,AugmentationType.SPEED|NOISE
014-70.wav,014-70_augmented_pch_msk.wav,11.0644,11.0644,False,1.0,True,False,True,AugmentationType.PITCH|TIME_MASK
014-70.wav,014-70_augmented_nse_msk.wav,11.0644,11.0644,False,1.0,False,True,False,AugmentationType.NOISE|TIME_MASK
025-126.wav,025-126_augmented_spd_pch.wav,8.98,9.4086,True,0.9544,True,False,False,AugmentationType.SPEED|PITCH
025-126.wav,025-126_augmented_spd_nse.wav,8.98,11.6011,True,0.7741,False,True,False,AugmentationType.SPEED|NOISE
025-126.wav,025-126_augmented_pch_msk.wav,8.98,8.98,False,1.0,True,False,True,AugmentationType.PITCH|TIME_MASK
025-126.wav,025-126_augmented_nse_msk.wav,8.98,8.98,False,1.0,False,True,True,AugmentationType.NOISE|TIME_MASK
033-50.wav,033-50_augmented_spd_pch.wav,17.52,20.0822,True,0.8724,True,False,False,AugmentationType.SPEED|PITCH
033-50.wav,033-50_augmented_spd_nse.wav,17.52,17.241,True,1.0162,False,False,False,AugmentationType.SPEED|NOISE
033-50.wav,033-50_augmented_pch_msk.wav,17.52,17.52,False,1.0,True,False,True,AugmentationType.PITCH|TIME_MASK
033-50.wav,033-50_augmented_nse_msk.wav,17.52,17.52,False,1.0,False,False,True,AugmentationType.NOISE|TIME_MASK
022-26.wav,022-26_augmented_spd_pch.wav,10.95,9.0162,True,1.2145,True,False,False,AugmentationType.SPEED|PITCH
022-26.wav,022-26_augmented_spd_nse.wav,10.95,12.4447,True,0.8799,False,False,False,AugmentationType.SPEED|NOISE
022-26.wav,022-26_augmented_pch_msk.wav,10.95,10.95,False,1.0,True,False,False,AugmentationType.PITCH|TIME_MASK
022-26.wav,022-26_augmented_nse_msk.wav,10.95,10.95,False,1.0,False,True,True,AugmentationType.NOISE|TIME_MASK
038-78.wav,038-78_augmented_spd_pch.wav,22.3239,15.3529,True,1.4541,True,False,False,AugmentationType.SPEED|PITCH
038-78.wav,038-78_augmented_spd_nse.wav,22.3239,26.5252,True,0.8416,False,True,False,AugmentationType.SPEED|NOISE
038-78.wav,038-78_augmented_pch_msk.wav,22.3239,22.3239,False,1.0,True,False,False,AugmentationType.PITCH|TIME_MASK
038-78.wav,038-78_augmented_nse_msk.wav,22.3239,22.3239,False,1.0,False,True,False,AugmentationType.NOISE|TIME_MASK
030-14.wav,030-14_augmented_spd_pch.wav,18.2836,23.4471,True,0.7798,True,False,False,AugmentationType.SPEED|PITCH
030-14.wav,030-14_augmented_spd_nse.wav,18.2836,21.6286,True,0.8453,False,True,False,AugmentationType.SPEED|NOISE
030-14.wav,030-14_augmented_pch_msk.wav,18.2836,18.2836,False,1.0,True,False,True,AugmentationType.PITCH|TIME_MASK
030-14.wav,030-14_augmented_nse_msk.wav,18.2836,18.2836,False,1.0,False,False,True,AugmentationType.NOISE|TIME_MASK
013-110.wav,013-110_augmented_spd_pch.wav,8.61,12.1309,True,0.7098,True,False,False,AugmentationType.SPEED|PITCH
013-110.wav,013-110_augmented_spd_nse.wav,8.61,7.26,True,1.186,False,True,False,AugmentationType.SPEED|NOISE
013-110.wav,013-110_augmented_pch_msk.wav,8.61,8.61,False,1.0,True,False,False,AugmentationType.PITCH|TIME_MASK
013-110.wav,013-110_augmented_nse_msk.wav,8.61,8.61,False,1.0,False,True,False,AugmentationType.NOISE|TIME_MASK
012-23.wav,012-23_augmented_spd_pch.wav,11.6657,12.3304,True,0.9461,True,False,False,AugmentationType.SPEED|PITCH
012-23.wav,012-23_augmented_spd_nse.wav,11.6657,8.8145,True,1.3235,False,False,False,AugmentationType.SPEED|NOISE
012-23.wav,012-23_augmented_pch_msk.wav,11.6657,11.6657,False,1.0,True,False,False,AugmentationType.PITCH|TIME_MASK
012-23.wav,012-23_augmented_nse_msk.wav,11.6657,11.6657,False,1.0,False,True,False,AugmentationType.NOISE|TIME_MASK
012-44.wav,012-44_augmented_spd_pch.wav,9.5295,9.6081,True,0.9918,True,False,False,AugmentationType.SPEED|PITCH
012-44.wav,012-44_augmented_spd_nse.wav,9.5295,9.6246,True,0.9901,False,True,False,AugmentationType.SPEED|NOISE
012-44.wav,012-44_augmented_pch_msk.wav,9.5295,9.5295,False,1.0,True,False,True,AugmentationType.PITCH|TIME_MASK
012-44.wav,012-44_augmented_nse_msk.wav,9.5295,9.5295,False,1.0,False,True,False,AugmentationType.NOISE|TIME_MASK
031-94.wav,031-94_augmented_spd_pch.wav,15.1043,17.1404,True,0.8812,True,False,False,AugmentationType.SPEED|PITCH
031-94.wav,031-94_augmented_spd_nse.wav,15.1043,11.4021,True,1.3247,False,False,False,AugmentationType.SPEED|NOISE
031-94.wav,031-94_augmented_pch_msk.wav,15.1043,15.1043,False,1.0,True,False,True,AugmentationType.PITCH|TIME_MASK
031-94.wav,031-94_augmented_nse_msk.wav,15.1043,15.1043,False,1.0,False,False,True,AugmentationType.NOISE|TIME_MASK
031-78.wav,031-78_augmented_spd_pch.wav,21.6616,18.3264,True,1.182,True,False,False,AugmentationType.SPEED|PITCH
031-78.wav,031-78_augmented_spd_nse.wav,21.6616,15.4534,True,1.4017,False,True,False,AugmentationType.SPEED|NOISE
031-78.wav,031-78_augmented_pch_msk.wav,21.6616,21.6616,False,1.0,True,False,False,AugmentationType.PITCH|TIME_MASK
031-78.wav,031-78_augmented_nse_msk.wav,21.6616,21.6616,False,1.0,False,False,False,AugmentationType.NOISE|TIME_MASK
013-71.wav,013-71_augmented_spd_pch.wav,11.48,8.1609,True,1.4067,True,False,False,AugmentationType.SPEED|PITCH
013-71.wav,013-71_augmented_spd_nse.wav,11.48,10.4479,True,1.0988,False,True,False,AugmentationType.SPEED|NOISE
013-71.wav,013-71_augmented_pch_msk.wav,11.48,11.48,False,1.0,True,False,True,AugmentationType.PITCH|TIME_MASK
013-71.wav,013-71_augmented_nse_msk.wav,11.48,11.48,False,1.0,False,False,True,AugmentationType.NOISE|TIME_MASK
038-149.wav,038-149_augmented_spd_pch.wav,18.2173,15.0024,True,1.2143,True,False,False,AugmentationType.SPEED|PITCH
038-149.wav,038-149_augmented_spd_nse.wav,18.2173,25.9804,True,0.7012,False,True,False,AugmentationType.SPEED|NOISE
038-149.wav,038-149_augmented_pch_msk.wav,18.2173,18.2173,False,1.0,True,False,True,AugmentationType.PITCH|TIME_MASK
038-149.wav,038-149_augmented_nse_msk.wav,18.2173,18.2173,False,1.0,False,True,True,AugmentationType.NOISE|TIME_MASK
043-57.wav,043-57_augmented_spd_pch.wav,17.7537,12.1511,True,1.4611,True,False,False,AugmentationType.SPEED|PITCH
043-57.wav,043-57_augmented_spd_nse.wav,17.7537,15.2797,True,1.1619,False,True,False,AugmentationType.SPEED|NOISE
043-57.wav,043-57_augmented_pch_msk.wav,17.7537,17.7537,False,1.0,True,False,False,AugmentationType.PITCH|TIME_MASK
043-57.wav,043-57_augmented_nse_msk.wav,17.7537,17.7537,False,1.0,False,True,True,AugmentationType.NOISE|TIME_MASK
017-26.wav,017-26_augmented_spd_pch.wav,21.3,16.9134,True,1.2594,True,False,False,AugmentationType.SPEED|PITCH
017-26.wav,017-26_augmented_spd_nse.wav,21.3,17.7931,True,1.1971,False,True,False,AugmentationType.SPEED|NOISE
017-26.wav,017-26_augmented_pch_msk.wav,21.3,21.3,False,1.0,True,False,True,AugmentationType.PITCH|TIME_MASK
017-26.wav,017-26_augmented_nse_msk.wav,21.3,21.3,False,1.0,False,True,True,AugmentationType.NOISE|TIME_MASK
032-55.wav,032-55_augmented_spd_pch.wav,15.61,16.1869,True,0.9644,True,False,False,AugmentationType.SPEED|PITCH
032-55.wav,032-55_augmented_spd_nse.wav,15.61,11.5874,True,1.3471,False,True,False,AugmentationType.SPEED|NOISE
032-55.wav,032-55_augmented_pch_msk.wav,15.61,15.61,False,1.0,True,False,True,AugmentationType.PITCH|TIME_MASK
032-55.wav,032-55_augmented_nse_msk.wav,15.61,15.61,False,1.0,False,False,False,AugmentationType.NOISE|TIME_MASK
041-71.wav,041-71_augmented_spd_pch.wav,14.6406,12.0898,True,1.211,True,False,False,AugmentationType.SPEED|PITCH
041-71.wav,041-71_augmented_spd_nse.wav,14.6406,18.0641,True,0.8105,False,True,False,AugmentationType.SPEED|NOISE
041-71.wav,041-71_augmented_pch_msk.wav,14.6406,14.6406,False,1.0,True,False,False,AugmentationType.PITCH|TIME_MASK
041-71.wav,041-71_augmented_nse_msk.wav,14.6406,14.6406,False,1.0,False,True,True,AugmentationType.NOISE|TIME_MASK
006-54.wav,006-54_augmented_spd_pch.wav,9.9939,10.1298,True,0.9866,True,False,False,AugmentationType.SPEED|PITCH
006-54.wav,006-54_augmented_spd_nse.wav,9.9939,10.7007,True,0.934,False,False,False,AugmentationType.SPEED|NOISE
006-54.wav,006-54_augmented_pch_msk.wav,9.9939,9.9939,False,1.0,True,False,True,AugmentationType.PITCH|TIME_MASK
006-54.wav,006-54_augmented_nse_msk.wav,9.9939,9.9939,False,1.0,False,True,False,AugmentationType.NOISE|TIME_MASK
022-03.wav,022-03_augmented_spd_pch.wav,9.74,7.8419,True,1.242,True,False,False,AugmentationType.SPEED|PITCH
022-03.wav,022-03_augmented_spd_nse.wav,9.74,9.7926,True,0.9946,False,False,False,AugmentationType.SPEED|NOISE
022-03.wav,022-03_augmented_pch_msk.wav,9.74,9.74,False,1.0,True,False,True,AugmentationType.PITCH|TIME_MASK
022-03.wav,022-03_augmented_nse_msk.wav,9.74,9.74,False,1.0,False,True,False,AugmentationType.NOISE|TIME_MASK
030-36.wav,030-36_augmented_spd_pch.wav,15.6341,12.8446,True,1.2172,True,False,False,AugmentationType.SPEED|PITCH
030-36.wav,030-36_augmented_spd_nse.wav,15.6341,20.1499,True,0.7759,False,True,False,AugmentationType.SPEED|NOISE
030-36.wav,030-36_augmented_pch_msk.wav,15.6341,15.6341,False,1.0,True,False,False,AugmentationType.PITCH|TIME_MASK
030-36.wav,030-36_augmented_nse_msk.wav,15.6341,15.6341,False,1.0,False,True,False,AugmentationType.NOISE|TIME_MASK
024-22.wav,024-22_augmented_spd_pch.wav,11.4374,12.1284,True,0.943,True,False,False,AugmentationType.SPEED|PITCH
024-22.wav,024-22_augmented_spd_nse.wav,11.4374,9.3396,True,1.2246,False,True,False,AugmentationType.SPEED|NOISE
024-22.wav,024-22_augmented_pch_msk.wav,11.4374,11.4374,False,1.0,True,False,False,AugmentationType.PITCH|TIME_MASK
024-22.wav,024-22_augmented_nse_msk.wav,11.4374,11.4374,False,1.0,False,True,False,AugmentationType.NOISE|TIME_MASK
030-92.wav,030-92_augmented_spd_pch.wav,20.7343,29.4257,True,0.7046,True,False,False,AugmentationType.SPEED|PITCH
030-92.wav,030-92_augmented_spd_nse.wav,20.7343,16.1109,True,1.287,False,True,False,AugmentationType.SPEED|NOISE
030-92.wav,030-92_augmented_pch_msk.wav,20.7343,20.7343,False,1.0,True,False,True,AugmentationType.PITCH|TIME_MASK
030-92.wav,030-92_augmented_nse_msk.wav,20.7343,20.7343,False,1.0,False,False,False,AugmentationType.NOISE|TIME_MASK
025-76.wav,025-76_augmented_spd_pch.wav,21.79,14.9415,True,1.4584,True,False,False,AugmentationType.SPEED|PITCH
025-76.wav,025-76_augmented_spd_nse.wav,21.79,24.3572,True,0.8946,False,True,False,AugmentationType.SPEED|NOISE
025-76.wav,025-76_augmented_pch_msk.wav,21.79,21.79,False,1.0,True,False,True,AugmentationType.PITCH|TIME_MASK
025-76.wav,025-76_augmented_nse_msk.wav,21.79,21.79,False,1.0,False,True,False,AugmentationType.NOISE|TIME_MASK
037-30.wav,037-30_augmented_spd_pch.wav,19.2771,21.0985,True,0.9137,True,False,False,AugmentationType.SPEED|PITCH
037-30.wav,037-30_augmented_spd_nse.wav,19.2771,14.2244,True,1.3552,False,True,False,AugmentationType.SPEED|NOISE
037-30.wav,037-30_augmented_pch_msk.wav,19.2771,19.2771,False,1.0,True,False,True,AugmentationType.PITCH|TIME_MASK
037-30.wav,037-30_augmented_nse_msk.wav,19.2771,19.2771,False,1.0,False,True,True,AugmentationType.NOISE|TIME_MASK
025-130.wav,025-130_augmented_spd_pch.wav,9.8114,7.9344,True,1.2366,True,False,False,AugmentationType.SPEED|PITCH
025-130.wav,025-130_augmented_spd_nse.wav,9.8114,7.4128,True,1.3236,False,True,False,AugmentationType.SPEED|NOISE
025-130.wav,025-130_augmented_pch_msk.wav,9.8114,9.8114,False,1.0,True,False,True,AugmentationType.PITCH|TIME_MASK
025-130.wav,025-130_augmented_nse_msk.wav,9.8114,9.8114,False,1.0,False,False,False,AugmentationType.NOISE|TIME_MASK
025-59.wav,025-59_augmented_spd_pch.wav,13.43,16.3813,True,0.8198,True,False,False,AugmentationType.SPEED|PITCH
025-59.wav,025-59_augmented_spd_nse.wav,13.43,11.2334,True,1.1955,False,True,False,AugmentationType.SPEED|NOISE
025-59.wav,025-59_augmented_pch_msk.wav,13.43,13.43,False,1.0,True,False,False,AugmentationType.PITCH|TIME_MASK
025-59.wav,025-59_augmented_nse_msk.wav,13.43,13.43,False,1.0,False,True,True,AugmentationType.NOISE|TIME_MASK
030-19.wav,030-19_augmented_spd_pch.wav,17.8199,14.8023,True,1.2039,True,False,False,AugmentationType.SPEED|PITCH
030-19.wav,030-19_augmented_spd_nse.wav,17.8199,12.4464,True,1.4317,False,False,False,AugmentationType.SPEED|NOISE
030-19.wav,030-19_augmented_pch_msk.wav,17.8199,17.8199,False,1.0,True,False,False,AugmentationType.PITCH|TIME_MASK
030-19.wav,030-19_augmented_nse_msk.wav,17.8199,17.8199,False,1.0,False,False,True,AugmentationType.NOISE|TIME_MASK
027-03.wav,027-03_augmented_spd_pch.wav,17.7804,25.3743,True,0.7007,True,False,False,AugmentationType.SPEED|PITCH
027-03.wav,027-03_augmented_spd_nse.wav,17.7804,23.643,True,0.752,False,True,False,AugmentationType.SPEED|NOISE
027-03.wav,027-03_augmented_pch_msk.wav,17.7804,17.7804,False,1.0,True,False,False,AugmentationType.PITCH|TIME_MASK
027-03.wav,027-03_augmented_nse_msk.wav,17.7804,17.7804,False,1.0,False,False,True,AugmentationType.NOISE|TIME_MASK
041-78.wav,041-78_augmented_spd_pch.wav,15.3692,10.3729,True,1.4817,True,False,False,AugmentationType.SPEED|PITCH
041-78.wav,041-78_augmented_spd_nse.wav,15.3692,21.1436,True,0.7269,False,False,False,AugmentationType.SPEED|NOISE
041-78.wav,041-78_augmented_pch_msk.wav,15.3692,15.3692,False,1.0,True,False,True,AugmentationType.PITCH|TIME_MASK
041-78.wav,041-78_augmented_nse_msk.wav,15.3692,15.3692,False,1.0,False,True,True,AugmentationType.NOISE|TIME_MASK
008-77.wav,008-77_augmented_spd_pch.wav,14.2664,12.2009,True,1.1693,True,False,False,AugmentationType.SPEED|PITCH
008-77.wav,008-77_augmented_spd_nse.wav,14.2664,10.959,True,1.3018,False,True,False,AugmentationType.SPEED|NOISE
008-77.wav,008-77_augmented_pch_msk.wav,14.2664,14.2664,False,1.0,True,False,True,AugmentationType.PITCH|TIME_MASK
008-77.wav,008-77_augmented_nse_msk.wav,14.2664,14.2664,False,1.0,False,True,True,AugmentationType.NOISE|TIME_MASK
010-94.wav,010-94_augmented_spd_pch.wav,14.8237,14.4358,True,1.0269,True,False,False,AugmentationType.SPEED|PITCH
010-94.wav,010-94_augmented_spd_nse.wav,14.8237,12.2067,True,1.2144,False,True,False,AugmentationType.SPEED|NOISE
010-94.wav,010-94_augmented_pch_msk.wav,14.8237,14.8237,False,1.0,True,False,True,AugmentationType.PITCH|TIME_MASK
010-94.wav,010-94_augmented_nse_msk.wav,14.8237,14.8237,False,1.0,False,False,False,AugmentationType.NOISE|TIME_MASK
029-17.wav,029-17_augmented_spd_pch.wav,13.5146,14.9548,True,0.9037,True,False,False,AugmentationType.SPEED|PITCH
029-17.wav,029-17_augmented_spd_nse.wav,13.5146,11.6774,True,1.1573,False,False,False,AugmentationType.SPEED|NOISE
029-17.wav,029-17_augmented_pch_msk.wav,13.5146,13.5146,False,1.0,True,False,True,AugmentationType.PITCH|TIME_MASK
029-17.wav,029-17_augmented_nse_msk.wav,13.5146,13.5146,False,1.0,False,False,True,AugmentationType.NOISE|TIME_MASK
014-06.wav,014-06_augmented_spd_pch.wav,11.0156,13.8591,True,0.7948,True,False,False,AugmentationType.SPEED|PITCH
014-06.wav,014-06_augmented_spd_nse.wav,11.0156,8.7086,True,1.2649,False,True,False,AugmentationType.SPEED|NOISE
014-06.wav,014-06_augmented_pch_msk.wav,11.0156,11.0156,False,1.0,True,False,True,AugmentationType.PITCH|TIME_MASK
014-06.wav,014-06_augmented_nse_msk.wav,11.0156,11.0156,False,1.0,False,True,True,AugmentationType.NOISE|TIME_MASK
026-01.wav,026-01_augmented_spd_pch.wav,3.38,2.3108,True,1.4627,True,False,False,AugmentationType.SPEED|PITCH
026-01.wav,026-01_augmented_spd_nse.wav,3.38,4.2581,True,0.7938,False,True,False,AugmentationType.SPEED|NOISE
026-01.wav,026-01_augmented_pch_msk.wav,3.38,3.38,False,1.0,True,False,True,AugmentationType.PITCH|TIME_MASK
026-01.wav,026-01_augmented_nse_msk.wav,3.38,3.38,False,1.0,False,True,False,AugmentationType.NOISE|TIME_MASK
026-16.wav,026-16_augmented_spd_pch.wav,14.09,13.9512,True,1.0099,True,False,False,AugmentationType.SPEED|PITCH
026-16.wav,026-16_augmented_spd_nse.wav,14.09,9.5991,True,1.4679,False,False,False,AugmentationType.SPEED|NOISE
026-16.wav,026-16_augmented_pch_msk.wav,14.09,14.09,False,1.0,True,False,True,AugmentationType.PITCH|TIME_MASK
026-16.wav,026-16_augmented_nse_msk.wav,14.09,14.09,False,1.0,False,True,False,AugmentationType.NOISE|TIME_MASK
042-32.wav,042-32_augmented_spd_pch.wav,17.0913,19.7098,True,0.8671,True,False,False,AugmentationType.SPEED|PITCH
042-32.wav,042-32_augmented_spd_nse.wav,17.0913,14.2481,True,1.1996,False,True,False,AugmentationType.SPEED|NOISE
042-32.wav,042-32_augmented_pch_msk.wav,17.0913,17.0913,False,1.0,True,False,True,AugmentationType.PITCH|TIME_MASK
042-32.wav,042-32_augmented_nse_msk.wav,17.0913,17.0913,False,1.0,False,True,True,AugmentationType.NOISE|TIME_MASK
028-62.wav,028-62_augmented_spd_pch.wav,21.7689,26.7201,True,0.8147,True,False,False,AugmentationType.SPEED|PITCH
028-62.wav,028-62_augmented_spd_nse.wav,21.7689,20.8199,True,1.0456,False,True,False,AugmentationType.SPEED|NOISE
028-62.wav,028-62_augmented_pch_msk.wav,21.7689,21.7689,False,1.0,True,False,False,AugmentationType.PITCH|TIME_MASK
028-62.wav,028-62_augmented_nse_msk.wav,21.7689,21.7689,False,1.0,False,False,True,AugmentationType.NOISE|TIME_MASK
042-28.wav,042-28_augmented_spd_pch.wav,14.4419,18.2377,True,0.7919,True,False,False,AugmentationType.SPEED|PITCH
042-28.wav,042-28_augmented_spd_nse.wav,14.4419,13.2684,True,1.0884,False,False,False,AugmentationType.SPEED|NOISE
042-28.wav,042-28_augmented_pch_msk.wav,14.4419,14.4419,False,1.0,True,False,False,AugmentationType.PITCH|TIME_MASK
042-28.wav,042-28_augmented_nse_msk.wav,14.4419,14.4419,False,1.0,False,True,False,AugmentationType.NOISE|TIME_MASK
020-27.wav,020-27_augmented_spd_pch.wav,13.71,15.9307,True,0.8606,True,False,False,AugmentationType.SPEED|PITCH
020-27.wav,020-27_augmented_spd_nse.wav,13.71,12.2586,True,1.1184,False,False,False,AugmentationType.SPEED|NOISE
020-27.wav,020-27_augmented_pch_msk.wav,13.71,13.71,False,1.0,True,False,True,AugmentationType.PITCH|TIME_MASK
020-27.wav,020-27_augmented_nse_msk.wav,13.71,13.71,False,1.0,False,True,True,AugmentationType.NOISE|TIME_MASK
025-188.wav,025-188_augmented_spd_pch.wav,8.82,8.1264,True,1.0854,True,False,False,AugmentationType.SPEED|PITCH
025-188.wav,025-188_augmented_spd_nse.wav,8.82,9.3471,True,0.9436,False,True,False,AugmentationType.SPEED|NOISE
025-188.wav,025-188_augmented_pch_msk.wav,8.82,8.82,False,1.0,True,False,True,AugmentationType.PITCH|TIME_MASK
025-188.wav,025-188_augmented_nse_msk.wav,8.82,8.82,False,1.0,False,True,False,AugmentationType.NOISE|TIME_MASK
004-42.wav,004-42_augmented_spd_pch.wav,14.4138,10.7404,True,1.342,True,False,False,AugmentationType.SPEED|PITCH
004-42.wav,004-42_augmented_spd_nse.wav,14.4138,13.2998,True,1.0838,False,False,False,AugmentationType.SPEED|NOISE
004-42.wav,004-42_augmented_pch_msk.wav,14.4138,14.4138,False,1.0,True,False,False,AugmentationType.PITCH|TIME_MASK
004-42.wav,004-42_augmented_nse_msk.wav,14.4138,14.4138,False,1.0,False,False,True,AugmentationType.NOISE|TIME_MASK
032-93.wav,032-93_augmented_spd_pch.wav,14.7731,10.5019,True,1.4067,True,False,False,AugmentationType.SPEED|PITCH
032-93.wav,032-93_augmented_spd_nse.wav,14.7731,9.9262,True,1.4883,False,True,False,AugmentationType.SPEED|NOISE
032-93.wav,032-93_augmented_pch_msk.wav,14.7731,14.7731,False,1.0,True,False,False,AugmentationType.PITCH|TIME_MASK
032-93.wav,032-93_augmented_nse_msk.wav,14.7731,14.7731,False,1.0,False,True,True,AugmentationType.NOISE|TIME_MASK
032-44.wav,032-44_augmented_spd_pch.wav,20.8667,15.3596,True,1.3585,True,False,False,AugmentationType.SPEED|PITCH
032-44.wav,032-44_augmented_spd_nse.wav,20.8667,18.0644,True,1.1551,False,False,False,AugmentationType.SPEED|NOISE
032-44.wav,032-44_augmented_pch_msk.wav,20.8667,20.8667,False,1.0,True,False,True,AugmentationType.PITCH|TIME_MASK
032-44.wav,032-44_augmented_nse_msk.wav,20.8667,20.8667,False,1.0,False,True,False,AugmentationType.NOISE|TIME_MASK
023-149.wav,023-149_augmented_spd_pch.wav,12.66,8.4937,True,1.4905,True,False,False,AugmentationType.SPEED|PITCH
023-149.wav,023-149_augmented_spd_nse.wav,12.66,17.7766,True,0.7122,False,True,False,AugmentationType.SPEED|NOISE
023-149.wav,023-149_augmented_pch_msk.wav,12.66,12.66,False,1.0,True,False,True,AugmentationType.PITCH|TIME_MASK
023-149.wav,023-149_augmented_nse_msk.wav,12.66,12.66,False,1.0,False,False,False,AugmentationType.NOISE|TIME_MASK
023-57.wav,023-57_augmented_spd_pch.wav,21.6,14.4686,True,1.4929,True,False,False,AugmentationType.SPEED|PITCH
023-57.wav,023-57_augmented_spd_nse.wav,21.6,29.3833,True,0.7351,False,True,False,AugmentationType.SPEED|NOISE
023-57.wav,023-57_augmented_pch_msk.wav,21.6,21.6,False,1.0,True,False,True,AugmentationType.PITCH|TIME_MASK
023-57.wav,023-57_augmented_nse_msk.wav,21.6,21.6,False,1.0,False,True,True,AugmentationType.NOISE|TIME_MASK
013-89.wav,013-89_augmented_spd_pch.wav,10.7546,7.8629,True,1.3678,True,False,False,AugmentationType.SPEED|PITCH
013-89.wav,013-89_augmented_spd_nse.wav,10.7546,8.4631,True,1.2708,False,True,False,AugmentationType.SPEED|NOISE
013-89.wav,013-89_augmented_pch_msk.wav,10.7546,10.7546,False,1.0,True,False,True,AugmentationType.PITCH|TIME_MASK
013-89.wav,013-89_augmented_nse_msk.wav,10.7546,10.7546,False,1.0,False,True,True,AugmentationType.NOISE|TIME_MASK
034-52.wav,034-52_augmented_spd_pch.wav,9.6067,9.1836,True,1.0461,True,False,False,AugmentationType.SPEED|PITCH
034-52.wav,034-52_augmented_spd_nse.wav,9.6067,10.5743,True,0.9085,False,True,False,AugmentationType.SPEED|NOISE
034-52.wav,034-52_augmented_pch_msk.wav,9.6067,9.6067,False,1.0,True,False,True,AugmentationType.PITCH|TIME_MASK
034-52.wav,034-52_augmented_nse_msk.wav,9.6067,9.6067,False,1.0,False,True,False,AugmentationType.NOISE|TIME_MASK
034-86.wav,034-86_augmented_spd_pch.wav,18.8797,13.9291,True,1.3554,True,False,False,AugmentationType.SPEED|PITCH
034-86.wav,034-86_augmented_spd_nse.wav,18.8797,14.9388,True,1.2638,False,True,False,AugmentationType.SPEED|NOISE
034-86.wav,034-86_augmented_pch_msk.wav,18.8797,18.8797,False,1.0,True,False,True,AugmentationType.PITCH|TIME_MASK
034-86.wav,034-86_augmented_nse_msk.wav,18.8797,18.8797,False,1.0,False,False,False,AugmentationType.NOISE|TIME_MASK
025-182.wav,025-182_augmented_spd_pch.wav,16.33,13.6431,True,1.1969,True,False,False,AugmentationType.SPEED|PITCH
025-182.wav,025-182_augmented_spd_nse.wav,16.33,15.5012,True,1.0535,False,False,False,AugmentationType.SPEED|NOISE
025-182.wav,025-182_augmented_pch_msk.wav,16.33,16.33,False,1.0,True,False,False,AugmentationType.PITCH|TIME_MASK
025-182.wav,025-182_augmented_nse_msk.wav,16.33,16.33,False,1.0,False,True,False,AugmentationType.NOISE|TIME_MASK
039-54.wav,039-54_augmented_spd_pch.wav,14.6406,11.898,True,1.2305,True,False,False,AugmentationType.SPEED|PITCH
039-54.wav,039-54_augmented_spd_nse.wav,14.6406,13.3982,True,1.0927,False,True,False,AugmentationType.SPEED|NOISE
039-54.wav,039-54_augmented_pch_msk.wav,14.6406,14.6406,False,1.0,True,False,True,AugmentationType.PITCH|TIME_MASK
039-54.wav,039-54_augmented_nse_msk.wav,14.6406,14.6406,False,1.0,False,True,True,AugmentationType.NOISE|TIME_MASK
026-93.wav,026-93_augmented_spd_pch.wav,11.3903,8.7614,True,1.3001,True,False,False,AugmentationType.SPEED|PITCH
026-93.wav,026-93_augmented_spd_nse.wav,11.3903,11.7497,True,0.9694,False,False,False,AugmentationType.SPEED|NOISE
026-93.wav,026-93_augmented_pch_msk.wav,11.3903,11.3903,False,1.0,True,False,True,AugmentationType.PITCH|TIME_MASK
026-93.wav,026-93_augmented_nse_msk.wav,11.3903,11.3903,False,1.0,False,False,True,AugmentationType.NOISE|TIME_MASK
015-29.wav,015-29_augmented_spd_pch.wav,20.1178,19.4271,True,1.0356,True,False,False,AugmentationType.SPEED|PITCH
015-29.wav,015-29_augmented_spd_nse.wav,20.1178,15.8251,True,1.2713,False,True,False,AugmentationType.SPEED|NOISE
015-29.wav,015-29_augmented_pch_msk.wav,20.1178,20.1178,False,1.0,True,False,False,AugmentationType.PITCH|TIME_MASK
015-29.wav,015-29_augmented_nse_msk.wav,20.1178,20.1178,False,1.0,False,False,True,AugmentationType.NOISE|TIME_MASK
016-02.wav,016-02_augmented_spd_pch.wav,17.4243,12.6054,True,1.3823,True,False,False,AugmentationType.SPEED|PITCH
016-02.wav,016-02_augmented_spd_nse.wav,17.4243,12.2314,True,1.4246,False,True,False,AugmentationType.SPEED|NOISE
016-02.wav,016-02_augmented_pch_msk.wav,17.4243,17.4243,False,1.0,True,False,True,AugmentationType.PITCH|TIME_MASK
016-02.wav,016-02_augmented_nse_msk.wav,17.4243,17.4243,False,1.0,False,True,True,AugmentationType.NOISE|TIME_MASK
029-105.wav,029-105_augmented_spd_pch.wav,18.5485,15.3828,True,1.2058,True,False,False,AugmentationType.SPEED|PITCH
029-105.wav,029-105_augmented_spd_nse.wav,18.5485,13.7767,True,1.3464,False,True,False,AugmentationType.SPEED|NOISE
029-105.wav,029-105_augmented_pch_msk.wav,18.5485,18.5485,False,1.0,True,False,True,AugmentationType.PITCH|TIME_MASK
029-105.wav,029-105_augmented_nse_msk.wav,18.5485,18.5485,False,1.0,False,True,True,AugmentationType.NOISE|TIME_MASK
038-50.wav,038-50_augmented_spd_pch.wav,16.0316,17.9563,True,0.8928,True,False,False,AugmentationType.SPEED|PITCH
038-50.wav,038-50_augmented_spd_nse.wav,16.0316,11.0587,True,1.4497,False,True,False,AugmentationType.SPEED|NOISE
038-50.wav,038-50_augmented_pch_msk.wav,16.0316,16.0316,False,1.0,True,False,False,AugmentationType.PITCH|TIME_MASK
038-50.wav,038-50_augmented_nse_msk.wav,16.0316,16.0316,False,1.0,False,True,True,AugmentationType.NOISE|TIME_MASK
025-105.wav,025-105_augmented_spd_pch.wav,15.78,21.1519,True,0.746,True,False,False,AugmentationType.SPEED|PITCH
025-105.wav,025-105_augmented_spd_nse.wav,15.78,21.1651,True,0.7456,False,False,False,AugmentationType.SPEED|NOISE
025-105.wav,025-105_augmented_pch_msk.wav,15.78,15.78,False,1.0,True,False,False,AugmentationType.PITCH|TIME_MASK
025-105.wav,025-105_augmented_nse_msk.wav,15.78,15.78,False,1.0,False,True,True,AugmentationType.NOISE|TIME_MASK
013-103.wav,013-103_augmented_spd_pch.wav,17.0116,15.4461,True,1.1014,True,False,False,AugmentationType.SPEED|PITCH
013-103.wav,013-103_augmented_spd_nse.wav,17.0116,13.7714,True,1.2353,False,True,False,AugmentationType.SPEED|NOISE
013-103.wav,013-103_augmented_pch_msk.wav,17.0116,17.0116,False,1.0,True,False,True,AugmentationType.PITCH|TIME_MASK
013-103.wav,013-103_augmented_nse_msk.wav,17.0116,17.0116,False,1.0,False,True,False,AugmentationType.NOISE|TIME_MASK
010-74.wav,010-74_augmented_spd_pch.wav,9.2509,8.4504,True,1.0947,True,False,False,AugmentationType.SPEED|PITCH
010-74.wav,010-74_augmented_spd_nse.wav,9.2509,6.5607,True,1.41,False,False,False,AugmentationType.SPEED|NOISE
010-74.wav,010-74_augmented_pch_msk.wav,9.2509,9.2509,False,1.0,True,False,True,AugmentationType.PITCH|TIME_MASK
010-74.wav,010-74_augmented_nse_msk.wav,9.2509,9.2509,False,1.0,False,True,True,AugmentationType.NOISE|TIME_MASK
030-47.wav,030-47_augmented_spd_pch.wav,12.8522,18.1288,True,0.7089,True,False,False,AugmentationType.SPEED|PITCH
030-47.wav,030-47_augmented_spd_nse.wav,12.8522,17.4819,True,0.7352,False,True,False,AugmentationType.SPEED|NOISE
030-47.wav,030-47_augmented_pch_msk.wav,12.8522,12.8522,False,1.0,True,False,True,AugmentationType.PITCH|TIME_MASK
030-47.wav,030-47_augmented_nse_msk.wav,12.8522,12.8522,False,1.0,False,True,False,AugmentationType.NOISE|TIME_MASK
023-74.wav,023-74_augmented_spd_pch.wav,15.21,21.1969,True,0.7176,True,False,False,AugmentationType.SPEED|PITCH
023-74.wav,023-74_augmented_spd_nse.wav,15.21,18.23,True,0.8343,False,True,False,AugmentationType.SPEED|NOISE
023-74.wav,023-74_augmented_pch_msk.wav,15.21,15.21,False,1.0,True,False,False,AugmentationType.PITCH|TIME_MASK
023-74.wav,023-74_augmented_nse_msk.wav,15.21,15.21,False,1.0,False,True,True,AugmentationType.NOISE|TIME_MASK
003-51.wav,003-51_augmented_spd_pch.wav,13.6037,9.2246,True,1.4747,True,False,False,AugmentationType.SPEED|PITCH
003-51.wav,003-51_augmented_spd_nse.wav,13.6037,13.1631,True,1.0335,False,True,False,AugmentationType.SPEED|NOISE
003-51.wav,003-51_augmented_pch_msk.wav,13.6037,13.6037,False,1.0,True,False,True,AugmentationType.PITCH|TIME_MASK
003-51.wav,003-51_augmented_nse_msk.wav,13.6037,13.6037,False,1.0,False,True,True,AugmentationType.NOISE|TIME_MASK
023-151.wav,023-151_augmented_spd_pch.wav,7.74,8.1836,True,0.9458,True,False,False,AugmentationType.SPEED|PITCH
023-151.wav,023-151_augmented_spd_nse.wav,7.74,9.4001,True,0.8234,False,True,False,AugmentationType.SPEED|NOISE
023-151.wav,023-151_augmented_pch_msk.wav,7.74,7.74,False,1.0,True,False,True,AugmentationType.PITCH|TIME_MASK
023-151.wav,023-151_augmented_nse_msk.wav,7.74,7.74,False,1.0,False,False,True,AugmentationType.NOISE|TIME_MASK
029-63.wav,029-63_augmented_spd_pch.wav,14.4419,16.2338,True,0.8896,True,False,False,AugmentationType.SPEED|PITCH
029-63.wav,029-63_augmented_spd_nse.wav,14.4419,15.1265,True,0.9547,False,True,False,AugmentationType.SPEED|NOISE
029-63.wav,029-63_augmented_pch_msk.wav,14.4419,14.4419,False,1.0,True,False,True,AugmentationType.PITCH|TIME_MASK
029-63.wav,029-63_augmented_nse_msk.wav,14.4419,14.4419,False,1.0,False,True,True,AugmentationType.NOISE|TIME_MASK
012-35.wav,012-35_augmented_spd_pch.wav,19.9321,20.5668,True,0.9691,True,False,False,AugmentationType.SPEED|PITCH
012-35.wav,012-35_augmented_spd_nse.wav,19.9321,13.3502,True,1.493,False,False,False,AugmentationType.SPEED|NOISE
012-35.wav,012-35_augmented_pch_msk.wav,19.9321,19.9321,False,1.0,True,False,False,AugmentationType.PITCH|TIME_MASK
012-35.wav,012-35_augmented_nse_msk.wav,19.9321,19.9321,False,1.0,False,False,False,AugmentationType.NOISE|TIME_MASK
018-82.wav,018-82_augmented_spd_pch.wav,17.8861,12.2391,True,1.4614,True,False,False,AugmentationType.SPEED|PITCH
018-82.wav,018-82_augmented_spd_nse.wav,17.8861,15.5106,True,1.1532,False,True,False,AugmentationType.SPEED|NOISE
018-82.wav,018-82_augmented_pch_msk.wav,17.8861,17.8861,False,1.0,True,False,True,AugmentationType.PITCH|TIME_MASK
018-82.wav,018-82_augmented_nse_msk.wav,17.8861,17.8861,False,1.0,False,True,True,AugmentationType.NOISE|TIME_MASK
014-67.wav,014-67_augmented_spd_pch.wav,8.6007,6.3109,True,1.3628,True,False,False,AugmentationType.SPEED|PITCH
014-67.wav,014-67_augmented_spd_nse.wav,8.6007,6.7795,True,1.2686,False,True,False,AugmentationType.SPEED|NOISE
014-67.wav,014-67_augmented_pch_msk.wav,8.6007,8.6007,False,1.0,True,False,True,AugmentationType.PITCH|TIME_MASK
014-67.wav,014-67_augmented_nse_msk.wav,8.6007,8.6007,False,1.0,False,False,True,AugmentationType.NOISE|TIME_MASK
029-92.wav,029-92_augmented_spd_pch.wav,5.5001,4.4474,True,1.2367,True,False,False,AugmentationType.SPEED|PITCH
029-92.wav,029-92_augmented_spd_nse.wav,5.5001,6.9566,True,0.7906,False,True,False,AugmentationType.SPEED|NOISE
029-92.wav,029-92_augmented_pch_msk.wav,5.5001,5.5001,False,1.0,True,False,True,AugmentationType.PITCH|TIME_MASK
029-92.wav,029-92_augmented_nse_msk.wav,5.5001,5.5001,False,1.0,False,True,True,AugmentationType.NOISE|TIME_MASK
040-47.wav,040-47_augmented_spd_pch.wav,15.2368,13.0464,True,1.1679,True,False,False,AugmentationType.SPEED|PITCH
040-47.wav,040-47_augmented_spd_nse.wav,15.2368,10.8351,True,1.4062,False,False,False,AugmentationType.SPEED|NOISE
040-47.wav,040-47_augmented_pch_msk.wav,15.2368,15.2368,False,1.0,True,False,True,AugmentationType.PITCH|TIME_MASK
040-47.wav,040-47_augmented_nse_msk.wav,15.2368,15.2368,False,1.0,False,False,True,AugmentationType.NOISE|TIME_MASK
021-64.wav,021-64_augmented_spd_pch.wav,15.6,16.0888,True,0.9696,True,False,False,AugmentationType.SPEED|PITCH
021-64.wav,021-64_augmented_spd_nse.wav,15.6,18.6148,True,0.838,False,True,False,AugmentationType.SPEED|NOISE
021-64.wav,021-64_augmented_pch_msk.wav,15.6,15.6,False,1.0,True,False,True,AugmentationType.PITCH|TIME_MASK
021-64.wav,021-64_augmented_nse_msk.wav,15.6,15.6,False,1.0,False,True,True,AugmentationType.NOISE|TIME_MASK
024-100.wav,024-100_augmented_spd_pch.wav,17.8707,22.0008,True,0.8123,True,False,False,AugmentationType.SPEED|PITCH
024-100.wav,024-100_augmented_spd_nse.wav,17.8707,24.3619,True,0.7335,False,True,False,AugmentationType.SPEED|NOISE
024-100.wav,024-100_augmented_pch_msk.wav,17.8707,17.8707,False,1.0,True,False,True,AugmentationType.PITCH|TIME_MASK
024-100.wav,024-100_augmented_nse_msk.wav,17.8707,17.8707,False,1.0,False,True,False,AugmentationType.NOISE|TIME_MASK
043-53.wav,043-53_augmented_spd_pch.wav,14.4419,13.7304,True,1.0518,True,False,False,AugmentationType.SPEED|PITCH
043-53.wav,043-53_augmented_spd_nse.wav,14.4419,10.6844,True,1.3517,False,True,False,AugmentationType.SPEED|NOISE
043-53.wav,043-53_augmented_pch_msk.wav,14.4419,14.4419,False,1.0,True,False,False,AugmentationType.PITCH|TIME_MASK
043-53.wav,043-53_augmented_nse_msk.wav,14.4419,14.4419,False,1.0,False,True,False,AugmentationType.NOISE|TIME_MASK
027-90.wav,027-90_augmented_spd_pch.wav,12.61,9.6244,True,1.3102,True,False,False,AugmentationType.SPEED|PITCH
027-90.wav,027-90_augmented_spd_nse.wav,12.61,10.4766,True,1.2036,False,True,False,AugmentationType.SPEED|NOISE
027-90.wav,027-90_augmented_pch_msk.wav,12.61,12.61,False,1.0,True,False,True,AugmentationType.PITCH|TIME_MASK
027-90.wav,027-90_augmented_nse_msk.wav,12.61,12.61,False,1.0,False,True,True,AugmentationType.NOISE|TIME_MASK
029-148.wav,029-148_augmented_spd_pch.wav,22.6551,23.2519,True,0.9743,True,False,False,AugmentationType.SPEED|PITCH
029-148.wav,029-148_augmented_spd_nse.wav,22.6551,22.8055,True,0.9934,False,True,False,AugmentationType.SPEED|NOISE
029-148.wav,029-148_augmented_pch_msk.wav,22.6551,22.6551,False,1.0,True,False,True,AugmentationType.PITCH|TIME_MASK
029-148.wav,029-148_augmented_nse_msk.wav,22.6551,22.6551,False,1.0,False,True,False,AugmentationType.NOISE|TIME_MASK
025-74.wav,025-74_augmented_spd_pch.wav,10.31,8.0816,True,1.2757,True,False,False,AugmentationType.SPEED|PITCH
025-74.wav,025-74_augmented_spd_nse.wav,10.31,8.6122,True,1.1971,False,True,False,AugmentationType.SPEED|NOISE
025-74.wav,025-74_augmented_pch_msk.wav,10.31,10.31,False,1.0,True,False,True,AugmentationType.PITCH|TIME_MASK
025-74.wav,025-74_augmented_nse_msk.wav,10.31,10.31,False,1.0,False,True,False,AugmentationType.NOISE|TIME_MASK
019-26.wav,019-26_augmented_spd_pch.wav,14.6379,9.9921,True,1.4649,True,False,False,AugmentationType.SPEED|PITCH
019-26.wav,019-26_augmented_spd_nse.wav,14.6379,20.6911,True,0.7074,False,True,False,AugmentationType.SPEED|NOISE
019-26.wav,019-26_augmented_pch_msk.wav,14.6379,14.6379,False,1.0,True,False,False,AugmentationType.PITCH|TIME_MASK
019-26.wav,019-26_augmented_nse_msk.wav,14.6379,14.6379,False,1.0,False,False,True,AugmentationType.NOISE|TIME_MASK
007-111.wav,007-111_augmented_spd_pch.wav,9.91,7.9612,True,1.2448,True,False,False,AugmentationType.SPEED|PITCH
007-111.wav,007-111_augmented_spd_nse.wav,9.91,12.9518,True,0.7651,False,False,False,AugmentationType.SPEED|NOISE
007-111.wav,007-111_augmented_pch_msk.wav,9.91,9.91,False,1.0,True,False,True,AugmentationType.PITCH|TIME_MASK
007-111.wav,007-111_augmented_nse_msk.wav,9.91,9.91,False,1.0,False,False,False,AugmentationType.NOISE|TIME_MASK
016-03.wav,016-03_augmented_spd_pch.wav,16.8687,16.1236,True,1.0462,True,False,False,AugmentationType.SPEED|PITCH
016-03.wav,016-03_augmented_spd_nse.wav,16.8687,23.0164,True,0.7329,False,True,False,AugmentationType.SPEED|NOISE
016-03.wav,016-03_augmented_pch_msk.wav,16.8687,16.8687,False,1.0,True,False,False,AugmentationType.PITCH|TIME_MASK
016-03.wav,016-03_augmented_nse_msk.wav,16.8687,16.8687,False,1.0,False,True,False,AugmentationType.NOISE|TIME_MASK
023-88.wav,023-88_augmented_spd_pch.wav,15.64,16.5307,True,0.9461,True,False,False,AugmentationType.SPEED|PITCH
023-88.wav,023-88_augmented_spd_nse.wav,15.64,15.5464,True,1.006,False,False,False,AugmentationType.SPEED|NOISE
023-88.wav,023-88_augmented_pch_msk.wav,15.64,15.64,False,1.0,True,False,True,AugmentationType.PITCH|TIME_MASK
023-88.wav,023-88_augmented_nse_msk.wav,15.64,15.64,False,1.0,False,False,False,AugmentationType.NOISE|TIME_MASK
033-03.wav,033-03_augmented_spd_pch.wav,13.7796,11.1971,True,1.2306,True,False,False,AugmentationType.SPEED|PITCH
033-03.wav,033-03_augmented_spd_nse.wav,13.7796,12.5206,True,1.1005,False,False,False,AugmentationType.SPEED|NOISE
033-03.wav,033-03_augmented_pch_msk.wav,13.7796,13.7796,False,1.0,True,False,False,AugmentationType.PITCH|TIME_MASK
033-03.wav,033-03_augmented_nse_msk.wav,13.7796,13.7796,False,1.0,False,False,True,AugmentationType.NOISE|TIME_MASK
013-16.wav,013-16_augmented_spd_pch.wav,9.7152,6.4912,True,1.4967,True,False,False,AugmentationType.SPEED|PITCH
013-16.wav,013-16_augmented_spd_nse.wav,9.7152,8.2154,True,1.1826,False,True,False,AugmentationType.SPEED|NOISE
013-16.wav,013-16_augmented_pch_msk.wav,9.7152,9.7152,False,1.0,True,False,True,AugmentationType.PITCH|TIME_MASK
013-16.wav,013-16_augmented_nse_msk.wav,9.7152,9.7152,False,1.0,False,True,True,AugmentationType.NOISE|TIME_MASK
002-08.wav,002-08_augmented_spd_pch.wav,10.49,11.3363,True,0.9253,True,False,False,AugmentationType.SPEED|PITCH
002-08.wav,002-08_augmented_spd_nse.wav,10.49,11.5405,True,0.909,False,False,False,AugmentationType.SPEED|NOISE
002-08.wav,002-08_augmented_pch_msk.wav,10.49,10.49,False,1.0,True,False,True,AugmentationType.PITCH|TIME_MASK
002-08.wav,002-08_augmented_nse_msk.wav,10.49,10.49,False,1.0,False,True,True,AugmentationType.NOISE|TIME_MASK
029-142.wav,029-142_augmented_spd_pch.wav,15.8329,20.0532,True,0.7895,True,False,False,AugmentationType.SPEED|PITCH
029-142.wav,029-142_augmented_spd_nse.wav,15.8329,11.1144,True,1.4245,False,False,False,AugmentationType.SPEED|NOISE
029-142.wav,029-142_augmented_pch_msk.wav,15.8329,15.8329,False,1.0,True,False,False,AugmentationType.PITCH|TIME_MASK
029-142.wav,029-142_augmented_nse_msk.wav,15.8329,15.8329,False,1.0,False,True,False,AugmentationType.NOISE|TIME_MASK
011-40.wav,011-40_augmented_spd_pch.wav,15.8453,19.9096,True,0.7959,True,False,False,AugmentationType.SPEED|PITCH
011-40.wav,011-40_augmented_spd_nse.wav,15.8453,20.5215,True,0.7721,False,True,False,AugmentationType.SPEED|NOISE
011-40.wav,011-40_augmented_pch_msk.wav,15.8453,15.8453,False,1.0,True,False,True,AugmentationType.PITCH|TIME_MASK
011-40.wav,011-40_augmented_nse_msk.wav,15.8453,15.8453,False,1.0,False,True,False,AugmentationType.NOISE|TIME_MASK
030-23.wav,030-23_augmented_spd_pch.wav,15.5017,10.9712,True,1.4129,True,False,False,AugmentationType.SPEED|PITCH
030-23.wav,030-23_augmented_spd_nse.wav,15.5017,12.2908,True,1.2612,False,False,False,AugmentationType.SPEED|NOISE
030-23.wav,030-23_augmented_pch_msk.wav,15.5017,15.5017,False,1.0,True,False,False,AugmentationType.PITCH|TIME_MASK
030-23.wav,030-23_augmented_nse_msk.wav,15.5017,15.5017,False,1.0,False,False,True,AugmentationType.NOISE|TIME_MASK
041-20.wav,041-20_augmented_spd_pch.wav,17.555,22.6557,True,0.7749,True,False,False,AugmentationType.SPEED|PITCH
041-20.wav,041-20_augmented_spd_nse.wav,17.555,16.7186,True,1.05,False,True,False,AugmentationType.SPEED|NOISE
041-20.wav,041-20_augmented_pch_msk.wav,17.555,17.555,False,1.0,True,False,True,AugmentationType.PITCH|TIME_MASK
041-20.wav,041-20_augmented_nse_msk.wav,17.555,17.555,False,1.0,False,True,False,AugmentationType.NOISE|TIME_MASK
023-42.wav,023-42_augmented_spd_pch.wav,10.91,9.4435,True,1.1553,True,False,False,AugmentationType.SPEED|PITCH
023-42.wav,023-42_augmented_spd_nse.wav,10.91,12.6058,True,0.8655,False,True,False,AugmentationType.SPEED|NOISE
023-42.wav,023-42_augmented_pch_msk.wav,10.91,10.91,False,1.0,True,False,True,AugmentationType.PITCH|TIME_MASK
023-42.wav,023-42_augmented_nse_msk.wav,10.91,10.91,False,1.0,False,True,True,AugmentationType.NOISE|TIME_MASK
029-101.wav,029-101_augmented_spd_pch.wav,19.8732,17.6493,True,1.126,True,False,False,AugmentationType.SPEED|PITCH
029-101.wav,029-101_augmented_spd_nse.wav,19.8732,15.1734,True,1.3097,False,True,False,AugmentationType.SPEED|NOISE
029-101.wav,029-101_augmented_pch_msk.wav,19.8732,19.8732,False,1.0,True,False,True,AugmentationType.PITCH|TIME_MASK
029-101.wav,029-101_augmented_nse_msk.wav,19.8732,19.8732,False,1.0,False,True,False,AugmentationType.NOISE|TIME_MASK
025-26.wav,025-26_augmented_spd_pch.wav,16.99,14.1218,True,1.2031,True,False,False,AugmentationType.SPEED|PITCH
025-26.wav,025-26_augmented_spd_nse.wav,16.99,11.7264,True,1.4489,False,True,False,AugmentationType.SPEED|NOISE
025-26.wav,025-26_augmented_pch_msk.wav,16.99,16.99,False,1.0,True,False,False,AugmentationType.PITCH|TIME_MASK
025-26.wav,025-26_augmented_nse_msk.wav,16.99,16.99,False,1.0,False,True,False,AugmentationType.NOISE|TIME_MASK
027-26.wav,027-26_augmented_spd_pch.wav,15.3941,10.9768,True,1.4024,True,False,False,AugmentationType.SPEED|PITCH
027-26.wav,027-26_augmented_spd_nse.wav,15.3941,18.6518,True,0.8253,False,True,False,AugmentationType.SPEED|NOISE
027-26.wav,027-26_augmented_pch_msk.wav,15.3941,15.3941,False,1.0,True,False,False,AugmentationType.PITCH|TIME_MASK
027-26.wav,027-26_augmented_nse_msk.wav,15.3941,15.3941,False,1.0,False,False,False,AugmentationType.NOISE|TIME_MASK
010-70.wav,010-70_augmented_spd_pch.wav,12.6874,12.7427,True,0.9957,True,False,False,AugmentationType.SPEED|PITCH
010-70.wav,010-70_augmented_spd_nse.wav,12.6874,15.6841,True,0.8089,False,True,False,AugmentationType.SPEED|NOISE
010-70.wav,010-70_augmented_pch_msk.wav,12.6874,12.6874,False,1.0,True,False,False,AugmentationType.PITCH|TIME_MASK
010-70.wav,010-70_augmented_nse_msk.wav,12.6874,12.6874,False,1.0,False,True,True,AugmentationType.NOISE|TIME_MASK
042-06.wav,042-06_augmented_spd_pch.wav,12.7197,13.1088,True,0.9703,True,False,False,AugmentationType.SPEED|PITCH
042-06.wav,042-06_augmented_spd_nse.wav,12.7197,16.5987,True,0.7663,False,True,False,AugmentationType.SPEED|NOISE
042-06.wav,042-06_augmented_pch_msk.wav,12.7197,12.7197,False,1.0,True,False,True,AugmentationType.PITCH|TIME_MASK
042-06.wav,042-06_augmented_nse_msk.wav,12.7197,12.7197,False,1.0,False,True,True,AugmentationType.NOISE|TIME_MASK
004-37.wav,004-37_augmented_spd_pch.wav,22.5327,25.3652,True,0.8883,True,False,False,AugmentationType.SPEED|PITCH
004-37.wav,004-37_augmented_spd_nse.wav,22.5327,29.5918,True,0.7615,False,False,False,AugmentationType.SPEED|NOISE
004-37.wav,004-37_augmented_pch_msk.wav,22.5327,22.5327,False,1.0,True,False,False,AugmentationType.PITCH|TIME_MASK
004-37.wav,004-37_augmented_nse_msk.wav,22.5327,22.5327,False,1.0,False,True,True,AugmentationType.NOISE|TIME_MASK
040-102.wav,040-102_augmented_spd_pch.wav,13.5544,14.3165,True,0.9468,True,False,False,AugmentationType.SPEED|PITCH
040-102.wav,040-102_augmented_spd_nse.wav,13.5544,16.2747,True,0.8329,False,True,False,AugmentationType.SPEED|NOISE
040-102.wav,040-102_augmented_pch_msk.wav,13.5544,13.5544,False,1.0,True,False,True,AugmentationType.PITCH|TIME_MASK
040-102.wav,040-102_augmented_nse_msk.wav,13.5544,13.5544,False,1.0,False,False,True,AugmentationType.NOISE|TIME_MASK
020-87.wav,020-87_augmented_spd_pch.wav,15.25,19.1502,True,0.7963,True,False,False,AugmentationType.SPEED|PITCH
020-87.wav,020-87_augmented_spd_nse.wav,15.25,17.7676,True,0.8583,False,False,False,AugmentationType.SPEED|NOISE
020-87.wav,020-87_augmented_pch_msk.wav,15.25,15.25,False,1.0,True,False,False,AugmentationType.PITCH|TIME_MASK
020-87.wav,020-87_augmented_nse_msk.wav,15.25,15.25,False,1.0,False,False,True,AugmentationType.NOISE|TIME_MASK
028-94.wav,028-94_augmented_spd_pch.wav,16.3627,13.7901,True,1.1866,True,False,False,AugmentationType.SPEED|PITCH
028-94.wav,028-94_augmented_spd_nse.wav,16.3627,13.1931,True,1.2402,False,True,False,AugmentationType.SPEED|NOISE
028-94.wav,028-94_augmented_pch_msk.wav,16.3627,16.3627,False,1.0,True,False,True,AugmentationType.PITCH|TIME_MASK
028-94.wav,028-94_augmented_nse_msk.wav,16.3627,16.3627,False,1.0,False,True,False,AugmentationType.NOISE|TIME_MASK
011-122.wav,011-122_augmented_spd_pch.wav,10.7369,11.6489,True,0.9217,True,False,False,AugmentationType.SPEED|PITCH
011-122.wav,011-122_augmented_spd_nse.wav,10.7369,7.7385,True,1.3875,False,True,False,AugmentationType.SPEED|NOISE
011-122.wav,011-122_augmented_pch_msk.wav,10.7369,10.7369,False,1.0,True,False,True,AugmentationType.PITCH|TIME_MASK
011-122.wav,011-122_augmented_nse_msk.wav,10.7369,10.7369,False,1.0,False,True,True,AugmentationType.NOISE|TIME_MASK
039-53.wav,039-53_augmented_spd_pch.wav,19.0122,16.4395,True,1.1565,True,False,False,AugmentationType.SPEED|PITCH
039-53.wav,039-53_augmented_spd_nse.wav,19.0122,18.8309,True,1.0096,False,True,False,AugmentationType.SPEED|NOISE
039-53.wav,039-53_augmented_pch_msk.wav,19.0122,19.0122,False,1.0,True,False,True,AugmentationType.PITCH|TIME_MASK
039-53.wav,039-53_augmented_nse_msk.wav,19.0122,19.0122,False,1.0,False,True,True,AugmentationType.NOISE|TIME_MASK
027-49.wav,027-49_augmented_spd_pch.wav,14.52,18.4644,True,0.7864,True,False,False,AugmentationType.SPEED|PITCH
027-49.wav,027-49_augmented_spd_nse.wav,14.52,17.2477,True,0.8419,False,True,False,AugmentationType.SPEED|NOISE
027-49.wav,027-49_augmented_pch_msk.wav,14.52,14.52,False,1.0,True,False,False,AugmentationType.PITCH|TIME_MASK
027-49.wav,027-49_augmented_nse_msk.wav,14.52,14.52,False,1.0,False,False,False,AugmentationType.NOISE|TIME_MASK
021-49.wav,021-49_augmented_spd_pch.wav,14.4,13.8247,True,1.0416,True,False,False,AugmentationType.SPEED|PITCH
021-49.wav,021-49_augmented_spd_nse.wav,14.4,9.9935,True,1.4409,False,True,False,AugmentationType.SPEED|NOISE
021-49.wav,021-49_augmented_pch_msk.wav,14.4,14.4,False,1.0,True,False,False,AugmentationType.PITCH|TIME_MASK
021-49.wav,021-49_augmented_nse_msk.wav,14.4,14.4,False,1.0,False,True,False,AugmentationType.NOISE|TIME_MASK
042-44.wav,042-44_augmented_spd_pch.wav,17.4887,12.6758,True,1.3797,True,False,False,AugmentationType.SPEED|PITCH
042-44.wav,042-44_augmented_spd_nse.wav,17.4887,18.4367,True,0.9486,False,True,False,AugmentationType.SPEED|NOISE
042-44.wav,042-44_augmented_pch_msk.wav,17.4887,17.4887,False,1.0,True,False,False,AugmentationType.PITCH|TIME_MASK
042-44.wav,042-44_augmented_nse_msk.wav,17.4887,17.4887,False,1.0,False,True,True,AugmentationType.NOISE|TIME_MASK
023-04.wav,023-04_augmented_spd_pch.wav,10.56,7.3706,True,1.4327,True,False,False,AugmentationType.SPEED|PITCH
023-04.wav,023-04_augmented_spd_nse.wav,10.56,8.2199,True,1.2847,False,True,False,AugmentationType.SPEED|NOISE
023-04.wav,023-04_augmented_pch_msk.wav,10.56,10.56,False,1.0,True,False,True,AugmentationType.PITCH|TIME_MASK
023-04.wav,023-04_augmented_nse_msk.wav,10.56,10.56,False,1.0,False,True,False,AugmentationType.NOISE|TIME_MASK
037-48.wav,037-48_augmented_spd_pch.wav,21.9928,20.0361,True,1.0977,True,False,False,AugmentationType.SPEED|PITCH
037-48.wav,037-48_augmented_spd_nse.wav,21.9928,17.2101,True,1.2779,False,True,False,AugmentationType.SPEED|NOISE
037-48.wav,037-48_augmented_pch_msk.wav,21.9928,21.9928,False,1.0,True,False,True,AugmentationType.PITCH|TIME_MASK
037-48.wav,037-48_augmented_nse_msk.wav,21.9928,21.9928,False,1.0,False,True,True,AugmentationType.NOISE|TIME_MASK
032-22.wav,032-22_augmented_spd_pch.wav,12.4548,11.4284,True,1.0898,True,False,False,AugmentationType.SPEED|PITCH
032-22.wav,032-22_augmented_spd_nse.wav,12.4548,12.0234,True,1.0359,False,True,False,AugmentationType.SPEED|NOISE
032-22.wav,032-22_augmented_pch_msk.wav,12.4548,12.4548,False,1.0,True,False,True,AugmentationType.PITCH|TIME_MASK
032-22.wav,032-22_augmented_nse_msk.wav,12.4548,12.4548,False,1.0,False,False,True,AugmentationType.NOISE|TIME_MASK
015-44.wav,015-44_augmented_spd_pch.wav,14.9166,16.2274,True,0.9192,True,False,False,AugmentationType.SPEED|PITCH
015-44.wav,015-44_augmented_spd_nse.wav,14.9166,10.9167,True,1.3664,False,False,False,AugmentationType.SPEED|NOISE
015-44.wav,015-44_augmented_pch_msk.wav,14.9166,14.9166,False,1.0,True,False,False,AugmentationType.PITCH|TIME_MASK
015-44.wav,015-44_augmented_nse_msk.wav,14.9166,14.9166,False,1.0,False,True,False,AugmentationType.NOISE|TIME_MASK
007-103.wav,007-103_augmented_spd_pch.wav,11.8689,8.6692,True,1.3691,True,False,False,AugmentationType.SPEED|PITCH
007-103.wav,007-103_augmented_spd_nse.wav,11.8689,12.0241,True,0.9871,False,False,False,AugmentationType.SPEED|NOISE
007-103.wav,007-103_augmented_pch_msk.wav,11.8689,11.8689,False,1.0,True,False,True,AugmentationType.PITCH|TIME_MASK
007-103.wav,007-103_augmented_nse_msk.wav,11.8689,11.8689,False,1.0,False,True,False,AugmentationType.NOISE|TIME_MASK
030-08.wav,030-08_augmented_spd_pch.wav,17.4225,11.9521,True,1.4577,True,False,False,AugmentationType.SPEED|PITCH
030-08.wav,030-08_augmented_spd_nse.wav,17.4225,12.4839,True,1.3956,False,True,False,AugmentationType.SPEED|NOISE
030-08.wav,030-08_augmented_pch_msk.wav,17.4225,17.4225,False,1.0,True,False,True,AugmentationType.PITCH|TIME_MASK
030-08.wav,030-08_augmented_nse_msk.wav,17.4225,17.4225,False,1.0,False,True,False,AugmentationType.NOISE|TIME_MASK
027-76.wav,027-76_augmented_spd_pch.wav,13.52,13.4166,True,1.0077,True,False,False,AugmentationType.SPEED|PITCH
027-76.wav,027-76_augmented_spd_nse.wav,13.52,12.5959,True,1.0734,False,True,False,AugmentationType.SPEED|NOISE
027-76.wav,027-76_augmented_pch_msk.wav,13.52,13.52,False,1.0,True,False,True,AugmentationType.PITCH|TIME_MASK
027-76.wav,027-76_augmented_nse_msk.wav,13.52,13.52,False,1.0,False,True,True,AugmentationType.NOISE|TIME_MASK
036-115.wav,036-115_augmented_spd_pch.wav,15.7666,11.4596,True,1.3758,True,False,False,AugmentationType.SPEED|PITCH
036-115.wav,036-115_augmented_spd_nse.wav,15.7666,15.4749,True,1.0188,False,False,False,AugmentationType.SPEED|NOISE
036-115.wav,036-115_augmented_pch_msk.wav,15.7666,15.7666,False,1.0,True,False,True,AugmentationType.PITCH|TIME_MASK
036-115.wav,036-115_augmented_nse_msk.wav,15.7666,15.7666,False,1.0,False,False,True,AugmentationType.NOISE|TIME_MASK
025-163.wav,025-163_augmented_spd_pch.wav,16.26,15.2152,True,1.0687,True,False,False,AugmentationType.SPEED|PITCH
025-163.wav,025-163_augmented_spd_nse.wav,16.26,12.4292,True,1.3082,False,True,False,AugmentationType.SPEED|NOISE
025-163.wav,025-163_augmented_pch_msk.wav,16.26,16.26,False,1.0,True,False,True,AugmentationType.PITCH|TIME_MASK
025-163.wav,025-163_augmented_nse_msk.wav,16.26,16.26,False,1.0,False,True,True,AugmentationType.NOISE|TIME_MASK
028-113.wav,028-113_augmented_spd_pch.wav,19.807,19.4477,True,1.0185,True,False,False,AugmentationType.SPEED|PITCH
028-113.wav,028-113_augmented_spd_nse.wav,19.807,13.9814,True,1.4167,False,False,False,AugmentationType.SPEED|NOISE
028-113.wav,028-113_augmented_pch_msk.wav,19.807,19.807,False,1.0,True,False,True,AugmentationType.PITCH|TIME_MASK
028-113.wav,028-113_augmented_nse_msk.wav,19.807,19.807,False,1.0,False,False,True,AugmentationType.NOISE|TIME_MASK
041-106.wav,041-106_augmented_spd_pch.wav,16.1973,20.7562,True,0.7804,True,False,False,AugmentationType.SPEED|PITCH
041-106.wav,041-106_augmented_spd_nse.wav,16.1973,11.8736,True,1.3641,False,False,False,AugmentationType.SPEED|NOISE
041-106.wav,041-106_augmented_pch_msk.wav,16.1973,16.1973,False,1.0,True,False,False,AugmentationType.PITCH|TIME_MASK
041-106.wav,041-106_augmented_nse_msk.wav,16.1973,16.1973,False,1.0,False,True,True,AugmentationType.NOISE|TIME_MASK
006-29.wav,006-29_augmented_spd_pch.wav,13.9008,12.6732,True,1.0969,True,False,False,AugmentationType.SPEED|PITCH
006-29.wav,006-29_augmented_spd_nse.wav,13.9008,17.1571,True,0.8102,False,True,False,AugmentationType.SPEED|NOISE
006-29.wav,006-29_augmented_pch_msk.wav,13.9008,13.9008,False,1.0,True,False,True,AugmentationType.PITCH|TIME_MASK
006-29.wav,006-29_augmented_nse_msk.wav,13.9008,13.9008,False,1.0,False,True,True,AugmentationType.NOISE|TIME_MASK
013-65.wav,013-65_augmented_spd_pch.wav,22.1258,19.0271,True,1.1629,True,False,False,AugmentationType.SPEED|PITCH
013-65.wav,013-65_augmented_spd_nse.wav,22.1258,19.1863,True,1.1532,False,True,False,AugmentationType.SPEED|NOISE
013-65.wav,013-65_augmented_pch_msk.wav,22.1258,22.1258,False,1.0,True,False,False,AugmentationType.PITCH|TIME_MASK
013-65.wav,013-65_augmented_nse_msk.wav,22.1258,22.1258,False,1.0,False,True,True,AugmentationType.NOISE|TIME_MASK
010-82.wav,010-82_augmented_spd_pch.wav,15.1952,11.7827,True,1.2896,True,False,False,AugmentationType.SPEED|PITCH
010-82.wav,010-82_augmented_spd_nse.wav,15.1952,13.924,True,1.0913,False,True,False,AugmentationType.SPEED|NOISE
010-82.wav,010-82_augmented_pch_msk.wav,15.1952,15.1952,False,1.0,True,False,False,AugmentationType.PITCH|TIME_MASK
010-82.wav,010-82_augmented_nse_msk.wav,15.1952,15.1952,False,1.0,False,True,True,AugmentationType.NOISE|TIME_MASK
020-80.wav,020-80_augmented_spd_pch.wav,17.62,16.4928,True,1.0683,True,False,False,AugmentationType.SPEED|PITCH
020-80.wav,020-80_augmented_spd_nse.wav,17.62,13.9663,True,1.2616,False,False,False,AugmentationType.SPEED|NOISE
020-80.wav,020-80_augmented_pch_msk.wav,17.62,17.62,False,1.0,True,False,False,AugmentationType.PITCH|TIME_MASK
020-80.wav,020-80_augmented_nse_msk.wav,17.62,17.62,False,1.0,False,True,False,AugmentationType.NOISE|TIME_MASK
035-68.wav,035-68_augmented_spd_pch.wav,14.0445,17.0797,True,0.8223,True,False,False,AugmentationType.SPEED|PITCH
035-68.wav,035-68_augmented_spd_nse.wav,14.0445,15.2202,True,0.9228,False,False,False,AugmentationType.SPEED|NOISE
035-68.wav,035-68_augmented_pch_msk.wav,14.0445,14.0445,False,1.0,True,False,True,AugmentationType.PITCH|TIME_MASK
035-68.wav,035-68_augmented_nse_msk.wav,14.0445,14.0445,False,1.0,False,False,True,AugmentationType.NOISE|TIME_MASK
022-39.wav,022-39_augmented_spd_pch.wav,11.59,14.9192,True,0.7768,True,False,False,AugmentationType.SPEED|PITCH
022-39.wav,022-39_augmented_spd_nse.wav,11.59,12.1397,True,0.9547,False,True,False,AugmentationType.SPEED|NOISE
022-39.wav,022-39_augmented_pch_msk.wav,11.59,11.59,False,1.0,True,False,True,AugmentationType.PITCH|TIME_MASK
022-39.wav,022-39_augmented_nse_msk.wav,11.59,11.59,False,1.0,False,True,True,AugmentationType.NOISE|TIME_MASK
010-38.wav,010-38_augmented_spd_pch.wav,6.5574,6.0376,True,1.0861,True,False,False,AugmentationType.SPEED|PITCH
010-38.wav,010-38_augmented_spd_nse.wav,6.5574,4.6018,True,1.425,False,True,False,AugmentationType.SPEED|NOISE
010-38.wav,010-38_augmented_pch_msk.wav,6.5574,6.5574,False,1.0,True,False,True,AugmentationType.PITCH|TIME_MASK
010-38.wav,010-38_augmented_nse_msk.wav,6.5574,6.5574,False,1.0,False,True,True,AugmentationType.NOISE|TIME_MASK
011-65.wav,011-65_augmented_spd_pch.wav,12.5946,16.6389,True,0.7569,True,False,False,AugmentationType.SPEED|PITCH
011-65.wav,011-65_augmented_spd_nse.wav,12.5946,13.6904,True,0.92,False,True,False,AugmentationType.SPEED|NOISE
011-65.wav,011-65_augmented_pch_msk.wav,12.5946,12.5946,False,1.0,True,False,False,AugmentationType.PITCH|TIME_MASK
011-65.wav,011-65_augmented_nse_msk.wav,12.5946,12.5946,False,1.0,False,False,False,AugmentationType.NOISE|TIME_MASK
028-72.wav,028-72_augmented_spd_pch.wav,17.0496,21.3202,True,0.7997,True,False,False,AugmentationType.SPEED|PITCH
028-72.wav,028-72_augmented_spd_nse.wav,17.0496,14.5087,True,1.1751,False,True,False,AugmentationType.SPEED|NOISE
028-72.wav,028-72_augmented_pch_msk.wav,17.0496,17.0496,False,1.0,True,False,True,AugmentationType.PITCH|TIME_MASK
028-72.wav,028-72_augmented_nse_msk.wav,17.0496,17.0496,False,1.0,False,True,False,AugmentationType.NOISE|TIME_MASK
030-41.wav,030-41_augmented_spd_pch.wav,19.8732,14.934,True,1.3307,True,False,False,AugmentationType.SPEED|PITCH
030-41.wav,030-41_augmented_spd_nse.wav,19.8732,14.8269,True,1.3403,False,True,False,AugmentationType.SPEED|NOISE
030-41.wav,030-41_augmented_pch_msk.wav,19.8732,19.8732,False,1.0,True,False,True,AugmentationType.PITCH|TIME_MASK
030-41.wav,030-41_augmented_nse_msk.wav,19.8732,19.8732,False,1.0,False,True,True,AugmentationType.NOISE|TIME_MASK
012-61.wav,012-61_augmented_spd_pch.wav,8.28,5.7644,True,1.4364,True,False,False,AugmentationType.SPEED|PITCH
012-61.wav,012-61_augmented_spd_nse.wav,8.28,7.1664,True,1.1554,False,False,False,AugmentationType.SPEED|NOISE
012-61.wav,012-61_augmented_pch_msk.wav,8.28,8.28,False,1.0,True,False,False,AugmentationType.PITCH|TIME_MASK
012-61.wav,012-61_augmented_nse_msk.wav,8.28,8.28,False,1.0,False,False,False,AugmentationType.NOISE|TIME_MASK
021-91.wav,021-91_augmented_spd_pch.wav,14.86,11.1823,True,1.3289,True,False,False,AugmentationType.SPEED|PITCH
021-91.wav,021-91_augmented_spd_nse.wav,14.86,21.0958,True,0.7044,False,False,False,AugmentationType.SPEED|NOISE
021-91.wav,021-91_augmented_pch_msk.wav,14.86,14.86,False,1.0,True,False,True,AugmentationType.PITCH|TIME_MASK
021-91.wav,021-91_augmented_nse_msk.wav,14.86,14.86,False,1.0,False,True,True,AugmentationType.NOISE|TIME_MASK
040-32.wav,040-32_augmented_spd_pch.wav,14.6406,12.1486,True,1.2051,True,False,False,AugmentationType.SPEED|PITCH
040-32.wav,040-32_augmented_spd_nse.wav,14.6406,12.1968,True,1.2004,False,True,False,AugmentationType.SPEED|NOISE
040-32.wav,040-32_augmented_pch_msk.wav,14.6406,14.6406,False,1.0,True,False,True,AugmentationType.PITCH|TIME_MASK
040-32.wav,040-32_augmented_nse_msk.wav,14.6406,14.6406,False,1.0,False,True,True,AugmentationType.NOISE|TIME_MASK
018-71.wav,018-71_augmented_spd_pch.wav,12.722,10.8004,True,1.1779,True,False,False,AugmentationType.SPEED|PITCH
018-71.wav,018-71_augmented_spd_nse.wav,12.722,15.6985,True,0.8104,False,True,False,AugmentationType.SPEED|NOISE
018-71.wav,018-71_augmented_pch_msk.wav,12.722,12.722,False,1.0,True,False,False,AugmentationType.PITCH|TIME_MASK
018-71.wav,018-71_augmented_nse_msk.wav,12.722,12.722,False,1.0,False,False,True,AugmentationType.NOISE|TIME_MASK
014-120.wav,014-120_augmented_spd_pch.wav,13.8949,17.8477,True,0.7785,True,False,False,AugmentationType.SPEED|PITCH
014-120.wav,014-120_augmented_spd_nse.wav,13.8949,14.4078,True,0.9644,False,False,False,AugmentationType.SPEED|NOISE
014-120.wav,014-120_augmented_pch_msk.wav,13.8949,13.8949,False,1.0,True,False,True,AugmentationType.PITCH|TIME_MASK
014-120.wav,014-120_augmented_nse_msk.wav,13.8949,13.8949,False,1.0,False,True,True,AugmentationType.NOISE|TIME_MASK
023-98.wav,023-98_augmented_spd_pch.wav,12.02,9.2019,True,1.3062,True,False,False,AugmentationType.SPEED|PITCH
023-98.wav,023-98_augmented_spd_nse.wav,12.02,11.109,True,1.082,False,False,False,AugmentationType.SPEED|NOISE
023-98.wav,023-98_augmented_pch_msk.wav,12.02,12.02,False,1.0,True,False,False,AugmentationType.PITCH|TIME_MASK
023-98.wav,023-98_augmented_nse_msk.wav,12.02,12.02,False,1.0,False,True,True,AugmentationType.NOISE|TIME_MASK
021-61.wav,021-61_augmented_spd_pch.wav,12.63,11.1915,True,1.1285,True,False,False,AugmentationType.SPEED|PITCH
021-61.wav,021-61_augmented_spd_nse.wav,12.63,13.2879,True,0.9505,False,False,False,AugmentationType.SPEED|NOISE
021-61.wav,021-61_augmented_pch_msk.wav,12.63,12.63,False,1.0,True,False,True,AugmentationType.PITCH|TIME_MASK
021-61.wav,021-61_augmented_nse_msk.wav,12.63,12.63,False,1.0,False,False,True,AugmentationType.NOISE|TIME_MASK
005-36.wav,005-36_augmented_spd_pch.wav,11.36,8.189,True,1.3872,True,False,False,AugmentationType.SPEED|PITCH
005-36.wav,005-36_augmented_spd_nse.wav,11.36,11.9878,True,0.9476,False,True,False,AugmentationType.SPEED|NOISE
005-36.wav,005-36_augmented_pch_msk.wav,11.36,11.36,False,1.0,True,False,True,AugmentationType.PITCH|TIME_MASK
005-36.wav,005-36_augmented_nse_msk.wav,11.36,11.36,False,1.0,False,True,True,AugmentationType.NOISE|TIME_MASK
038-54.wav,038-54_augmented_spd_pch.wav,11.8587,8.5138,True,1.3929,True,False,False,AugmentationType.SPEED|PITCH
038-54.wav,038-54_augmented_spd_nse.wav,11.8587,14.2484,True,0.8323,False,False,False,AugmentationType.SPEED|NOISE
038-54.wav,038-54_augmented_pch_msk.wav,11.8587,11.8587,False,1.0,True,False,True,AugmentationType.PITCH|TIME_MASK
038-54.wav,038-54_augmented_nse_msk.wav,11.8587,11.8587,False,1.0,False,True,False,AugmentationType.NOISE|TIME_MASK
011-30.wav,011-30_augmented_spd_pch.wav,13.1518,13.9759,True,0.941,True,False,False,AugmentationType.SPEED|PITCH
011-30.wav,011-30_augmented_spd_nse.wav,13.1518,9.5181,True,1.3818,False,False,False,AugmentationType.SPEED|NOISE
011-30.wav,011-30_augmented_pch_msk.wav,13.1518,13.1518,False,1.0,True,False,True,AugmentationType.PITCH|TIME_MASK
011-30.wav,011-30_augmented_nse_msk.wav,13.1518,13.1518,False,1.0,False,True,True,AugmentationType.NOISE|TIME_MASK
006-60.wav,006-60_augmented_spd_pch.wav,10.6629,12.14,True,0.8783,True,False,False,AugmentationType.SPEED|PITCH
006-60.wav,006-60_augmented_spd_nse.wav,10.6629,10.2694,True,1.0383,False,True,False,AugmentationType.SPEED|NOISE
006-60.wav,006-60_augmented_pch_msk.wav,10.6629,10.6629,False,1.0,True,False,False,AugmentationType.PITCH|TIME_MASK
006-60.wav,006-60_augmented_nse_msk.wav,10.6629,10.6629,False,1.0,False,True,False,AugmentationType.NOISE|TIME_MASK
008-16.wav,008-16_augmented_spd_pch.wav,13.4304,9.9229,True,1.3535,True,False,False,AugmentationType.SPEED|PITCH
008-16.wav,008-16_augmented_spd_nse.wav,13.4304,12.9541,True,1.0368,False,True,False,AugmentationType.SPEED|NOISE
008-16.wav,008-16_augmented_pch_msk.wav,13.4304,13.4304,False,1.0,True,False,False,AugmentationType.PITCH|TIME_MASK
008-16.wav,008-16_augmented_nse_msk.wav,13.4304,13.4304,False,1.0,False,True,True,AugmentationType.NOISE|TIME_MASK
040-52.wav,040-52_augmented_spd_pch.wav,9.8716,9.3285,True,1.0582,True,False,False,AugmentationType.SPEED|PITCH
040-52.wav,040-52_augmented_spd_nse.wav,9.8716,7.4143,True,1.3314,False,True,False,AugmentationType.SPEED|NOISE
040-52.wav,040-52_augmented_pch_msk.wav,9.8716,9.8716,False,1.0,True,False,True,AugmentationType.PITCH|TIME_MASK
040-52.wav,040-52_augmented_nse_msk.wav,9.8716,9.8716,False,1.0,False,True,True,AugmentationType.NOISE|TIME_MASK
014-51.wav,014-51_augmented_spd_pch.wav,10.93,12.5488,True,0.871,True,False,False,AugmentationType.SPEED|PITCH
014-51.wav,014-51_augmented_spd_nse.wav,10.93,7.4471,True,1.4677,False,False,False,AugmentationType.SPEED|NOISE
014-51.wav,014-51_augmented_pch_msk.wav,10.93,10.93,False,1.0,True,False,True,AugmentationType.PITCH|TIME_MASK
014-51.wav,014-51_augmented_nse_msk.wav,10.93,10.93,False,1.0,False,True,False,AugmentationType.NOISE|TIME_MASK
006-66.wav,006-66_augmented_spd_pch.wav,23.0899,23.5094,True,0.9822,True,False,False,AugmentationType.SPEED|PITCH
006-66.wav,006-66_augmented_spd_nse.wav,23.0899,26.3632,True,0.8758,False,False,False,AugmentationType.SPEED|NOISE
006-66.wav,006-66_augmented_pch_msk.wav,23.0899,23.0899,False,1.0,True,False,True,AugmentationType.PITCH|TIME_MASK
006-66.wav,006-66_augmented_nse_msk.wav,23.0899,23.0899,False,1.0,False,True,True,AugmentationType.NOISE|TIME_MASK
030-32.wav,030-32_augmented_spd_pch.wav,14.8393,19.5893,True,0.7575,True,False,False,AugmentationType.SPEED|PITCH
030-32.wav,030-32_augmented_spd_nse.wav,14.8393,15.4701,True,0.9592,False,False,False,AugmentationType.SPEED|NOISE
030-32.wav,030-32_augmented_pch_msk.wav,14.8393,14.8393,False,1.0,True,False,True,AugmentationType.PITCH|TIME_MASK
030-32.wav,030-32_augmented_nse_msk.wav,14.8393,14.8393,False,1.0,False,False,True,AugmentationType.NOISE|TIME_MASK
037-21.wav,037-21_augmented_spd_pch.wav,22.5227,15.5602,True,1.4475,True,False,False,AugmentationType.SPEED|PITCH
037-21.wav,037-21_augmented_spd_nse.wav,22.5227,30.134,True,0.7474,False,True,False,AugmentationType.SPEED|NOISE
037-21.wav,037-21_augmented_pch_msk.wav,22.5227,22.5227,False,1.0,True,False,True,AugmentationType.PITCH|TIME_MASK
037-21.wav,037-21_augmented_nse_msk.wav,22.5227,22.5227,False,1.0,False,True,True,AugmentationType.NOISE|TIME_MASK
002-37.wav,002-37_augmented_spd_pch.wav,15.06,15.0606,True,1.0,True,False,False,AugmentationType.SPEED|PITCH
002-37.wav,002-37_augmented_spd_nse.wav,15.06,21.0484,True,0.7155,False,False,False,AugmentationType.SPEED|NOISE
002-37.wav,002-37_augmented_pch_msk.wav,15.06,15.06,False,1.0,True,False,True,AugmentationType.PITCH|TIME_MASK
002-37.wav,002-37_augmented_nse_msk.wav,15.06,15.06,False,1.0,False,True,True,AugmentationType.NOISE|TIME_MASK
030-90.wav,030-90_augmented_spd_pch.wav,14.1769,12.2117,True,1.1609,True,False,False,AugmentationType.SPEED|PITCH
030-90.wav,030-90_augmented_spd_nse.wav,14.1769,14.6008,True,0.971,False,False,False,AugmentationType.SPEED|NOISE
030-90.wav,030-90_augmented_pch_msk.wav,14.1769,14.1769,False,1.0,True,False,True,AugmentationType.PITCH|TIME_MASK
030-90.wav,030-90_augmented_nse_msk.wav,14.1769,14.1769,False,1.0,False,True,True,AugmentationType.NOISE|TIME_MASK
036-19.wav,036-19_augmented_spd_pch.wav,17.2901,19.3835,True,0.892,True,False,False,AugmentationType.SPEED|PITCH
036-19.wav,036-19_augmented_spd_nse.wav,17.2901,14.5136,True,1.1913,False,True,False,AugmentationType.SPEED|NOISE
036-19.wav,036-19_augmented_pch_msk.wav,17.2901,17.2901,False,1.0,True,False,False,AugmentationType.PITCH|TIME_MASK
036-19.wav,036-19_augmented_nse_msk.wav,17.2901,17.2901,False,1.0,False,True,True,AugmentationType.NOISE|TIME_MASK
034-42.wav,034-42_augmented_spd_pch.wav,17.8199,18.9341,True,0.9412,True,False,False,AugmentationType.SPEED|PITCH
034-42.wav,034-42_augmented_spd_nse.wav,17.8199,22.8176,True,0.781,False,True,False,AugmentationType.SPEED|NOISE
034-42.wav,034-42_augmented_pch_msk.wav,17.8199,17.8199,False,1.0,True,False,True,AugmentationType.PITCH|TIME_MASK
034-42.wav,034-42_augmented_nse_msk.wav,17.8199,17.8199,False,1.0,False,True,True,AugmentationType.NOISE|TIME_MASK
019-20.wav,019-20_augmented_spd_pch.wav,13.3764,16.1721,True,0.8271,True,False,False,AugmentationType.SPEED|PITCH
019-20.wav,019-20_augmented_spd_nse.wav,13.3764,10.9868,True,1.2175,False,True,False,AugmentationType.SPEED|NOISE
019-20.wav,019-20_augmented_pch_msk.wav,13.3764,13.3764,False,1.0,True,False,True,AugmentationType.PITCH|TIME_MASK
019-20.wav,019-20_augmented_nse_msk.wav,13.3764,13.3764,False,1.0,False,True,True,AugmentationType.NOISE|TIME_MASK
027-34.wav,027-34_augmented_spd_pch.wav,13.8696,13.1148,True,1.0576,True,False,False,AugmentationType.SPEED|PITCH
027-34.wav,027-34_augmented_spd_nse.wav,13.8696,11.395,True,1.2172,False,True,False,AugmentationType.SPEED|NOISE
027-34.wav,027-34_augmented_pch_msk.wav,13.8696,13.8696,False,1.0,True,False,False,AugmentationType.PITCH|TIME_MASK
027-34.wav,027-34_augmented_nse_msk.wav,13.8696,13.8696,False,1.0,False,True,True,AugmentationType.NOISE|TIME_MASK
026-98.wav,026-98_augmented_spd_pch.wav,14.5953,14.6241,True,0.998,True,False,False,AugmentationType.SPEED|PITCH
026-98.wav,026-98_augmented_spd_nse.wav,14.5953,15.6023,True,0.9355,False,False,False,AugmentationType.SPEED|NOISE
026-98.wav,026-98_augmented_pch_msk.wav,14.5953,14.5953,False,1.0,True,False,True,AugmentationType.PITCH|TIME_MASK
026-98.wav,026-98_augmented_nse_msk.wav,14.5953,14.5953,False,1.0,False,True,False,AugmentationType.NOISE|TIME_MASK
027-119.wav,027-119_augmented_spd_pch.wav,10.8,11.7807,True,0.9167,True,False,False,AugmentationType.SPEED|PITCH
027-119.wav,027-119_augmented_spd_nse.wav,10.8,7.2962,True,1.4802,False,True,False,AugmentationType.SPEED|NOISE
027-119.wav,027-119_augmented_pch_msk.wav,10.8,10.8,False,1.0,True,False,False,AugmentationType.PITCH|TIME_MASK
027-119.wav,027-119_augmented_nse_msk.wav,10.8,10.8,False,1.0,False,False,True,AugmentationType.NOISE|TIME_MASK
039-10.wav,039-10_augmented_spd_pch.wav,15.8991,13.3348,True,1.1923,True,False,False,AugmentationType.SPEED|PITCH
039-10.wav,039-10_augmented_spd_nse.wav,15.8991,14.5907,True,1.0897,False,True,False,AugmentationType.SPEED|NOISE
039-10.wav,039-10_augmented_pch_msk.wav,15.8991,15.8991,False,1.0,True,False,True,AugmentationType.PITCH|TIME_MASK
039-10.wav,039-10_augmented_nse_msk.wav,15.8991,15.8991,False,1.0,False,True,True,AugmentationType.NOISE|TIME_MASK
041-06.wav,041-06_augmented_spd_pch.wav,13.1172,9.0916,True,1.4428,True,False,False,AugmentationType.SPEED|PITCH
041-06.wav,041-06_augmented_spd_nse.wav,13.1172,15.3832,True,0.8527,False,True,False,AugmentationType.SPEED|NOISE
041-06.wav,041-06_augmented_pch_msk.wav,13.1172,13.1172,False,1.0,True,False,False,AugmentationType.PITCH|TIME_MASK
041-06.wav,041-06_augmented_nse_msk.wav,13.1172,13.1172,False,1.0,False,True,False,AugmentationType.NOISE|TIME_MASK
008-61.wav,008-61_augmented_spd_pch.wav,10.2726,7.8655,True,1.306,True,False,False,AugmentationType.SPEED|PITCH
008-61.wav,008-61_augmented_spd_nse.wav,10.2726,7.896,True,1.301,False,False,False,AugmentationType.SPEED|NOISE
008-61.wav,008-61_augmented_pch_msk.wav,10.2726,10.2726,False,1.0,True,False,False,AugmentationType.PITCH|TIME_MASK
008-61.wav,008-61_augmented_nse_msk.wav,10.2726,10.2726,False,1.0,False,True,False,AugmentationType.NOISE|TIME_MASK
016-06.wav,016-06_augmented_spd_pch.wav,25.6565,19.139,True,1.3405,True,False,False,AugmentationType.SPEED|PITCH
016-06.wav,016-06_augmented_spd_nse.wav,25.6565,23.9626,True,1.0707,False,False,False,AugmentationType.SPEED|NOISE
016-06.wav,016-06_augmented_pch_msk.wav,25.6565,25.6565,False,1.0,True,False,True,AugmentationType.PITCH|TIME_MASK
016-06.wav,016-06_augmented_nse_msk.wav,25.6565,25.6565,False,1.0,False,False,True,AugmentationType.NOISE|TIME_MASK
013-116.wav,013-116_augmented_spd_pch.wav,8.38,9.6294,True,0.8703,True,False,False,AugmentationType.SPEED|PITCH
013-116.wav,013-116_augmented_spd_nse.wav,8.38,8.8452,True,0.9474,False,False,False,AugmentationType.SPEED|NOISE
013-116.wav,013-116_augmented_pch_msk.wav,8.38,8.38,False,1.0,True,False,False,AugmentationType.PITCH|TIME_MASK
013-116.wav,013-116_augmented_nse_msk.wav,8.38,8.38,False,1.0,False,True,True,AugmentationType.NOISE|TIME_MASK
014-69.wav,014-69_augmented_spd_pch.wav,11.94,9.4326,True,1.2658,True,False,False,AugmentationType.SPEED|PITCH
014-69.wav,014-69_augmented_spd_nse.wav,11.94,8.1506,True,1.4649,False,False,False,AugmentationType.SPEED|NOISE
014-69.wav,014-69_augmented_pch_msk.wav,11.94,11.94,False,1.0,True,False,True,AugmentationType.PITCH|TIME_MASK
014-69.wav,014-69_augmented_nse_msk.wav,11.94,11.94,False,1.0,False,True,False,AugmentationType.NOISE|TIME_MASK
008-04.wav,008-04_augmented_spd_pch.wav,12.5946,15.0005,True,0.8396,True,False,False,AugmentationType.SPEED|PITCH
008-04.wav,008-04_augmented_spd_nse.wav,12.5946,15.7484,True,0.7997,False,True,False,AugmentationType.SPEED|NOISE
008-04.wav,008-04_augmented_pch_msk.wav,12.5946,12.5946,False,1.0,True,False,True,AugmentationType.PITCH|TIME_MASK
008-04.wav,008-04_augmented_nse_msk.wav,12.5946,12.5946,False,1.0,False,True,True,AugmentationType.NOISE|TIME_MASK
011-86.wav,011-86_augmented_spd_pch.wav,11.3871,14.0451,True,0.8108,True,False,False,AugmentationType.SPEED|PITCH
011-86.wav,011-86_augmented_spd_nse.wav,11.3871,8.4818,True,1.3425,False,True,False,AugmentationType.SPEED|NOISE
011-86.wav,011-86_augmented_pch_msk.wav,11.3871,11.3871,False,1.0,True,False,False,AugmentationType.PITCH|TIME_MASK
011-86.wav,011-86_augmented_nse_msk.wav,11.3871,11.3871,False,1.0,False,True,True,AugmentationType.NOISE|TIME_MASK
022-33.wav,022-33_augmented_spd_pch.wav,9.35,6.4188,True,1.4567,True,False,False,AugmentationType.SPEED|PITCH
022-33.wav,022-33_augmented_spd_nse.wav,9.35,6.2747,True,1.4901,False,False,False,AugmentationType.SPEED|NOISE
022-33.wav,022-33_augmented_pch_msk.wav,9.35,9.35,False,1.0,True,False,False,AugmentationType.PITCH|TIME_MASK
022-33.wav,022-33_augmented_nse_msk.wav,9.35,9.35,False,1.0,False,True,True,AugmentationType.NOISE|TIME_MASK
019-17.wav,019-17_augmented_spd_pch.wav,11.8489,9.6031,True,1.2339,True,False,False,AugmentationType.SPEED|PITCH
019-17.wav,019-17_augmented_spd_nse.wav,11.8489,8.409,True,1.4091,False,False,False,AugmentationType.SPEED|NOISE
019-17.wav,019-17_augmented_pch_msk.wav,11.8489,11.8489,False,1.0,True,False,True,AugmentationType.PITCH|TIME_MASK
019-17.wav,019-17_augmented_nse_msk.wav,11.8489,11.8489,False,1.0,False,True,True,AugmentationType.NOISE|TIME_MASK
017-68.wav,017-68_augmented_spd_pch.wav,16.1586,19.4578,True,0.8304,True,False,False,AugmentationType.SPEED|PITCH
017-68.wav,017-68_augmented_spd_nse.wav,16.1586,19.9108,True,0.8115,False,False,False,AugmentationType.SPEED|NOISE
017-68.wav,017-68_augmented_pch_msk.wav,16.1586,16.1586,False,1.0,True,False,False,AugmentationType.PITCH|TIME_MASK
017-68.wav,017-68_augmented_nse_msk.wav,16.1586,16.1586,False,1.0,False,False,True,AugmentationType.NOISE|TIME_MASK
032-71.wav,032-71_augmented_spd_pch.wav,15.8329,12.0324,True,1.3159,True,False,False,AugmentationType.SPEED|PITCH
032-71.wav,032-71_augmented_spd_nse.wav,15.8329,15.2164,True,1.0405,False,False,False,AugmentationType.SPEED|NOISE
032-71.wav,032-71_augmented_pch_msk.wav,15.8329,15.8329,False,1.0,True,False,False,AugmentationType.PITCH|TIME_MASK
032-71.wav,032-71_augmented_nse_msk.wav,15.8329,15.8329,False,1.0,False,True,True,AugmentationType.NOISE|TIME_MASK
004-27.wav,004-27_augmented_spd_pch.wav,15.1082,14.3627,True,1.0519,True,False,False,AugmentationType.SPEED|PITCH
004-27.wav,004-27_augmented_spd_nse.wav,15.1082,11.6354,True,1.2985,False,True,False,AugmentationType.SPEED|NOISE
004-27.wav,004-27_augmented_pch_msk.wav,15.1082,15.1082,False,1.0,True,False,True,AugmentationType.PITCH|TIME_MASK
004-27.wav,004-27_augmented_nse_msk.wav,15.1082,15.1082,False,1.0,False,False,False,AugmentationType.NOISE|TIME_MASK
015-83.wav,015-83_augmented_spd_pch.wav,24.5761,16.947,True,1.4502,True,False,False,AugmentationType.SPEED|PITCH
015-83.wav,015-83_augmented_spd_nse.wav,24.5761,27.7281,True,0.8863,False,True,False,AugmentationType.SPEED|NOISE
015-83.wav,015-83_augmented_pch_msk.wav,24.5761,24.5761,False,1.0,True,False,False,AugmentationType.PITCH|TIME_MASK
015-83.wav,015-83_augmented_nse_msk.wav,24.5761,24.5761,False,1.0,False,False,True,AugmentationType.NOISE|TIME_MASK
007-40.wav,007-40_augmented_spd_pch.wav,23.5903,24.6579,True,0.9567,True,False,False,AugmentationType.SPEED|PITCH
007-40.wav,007-40_augmented_spd_nse.wav,23.5903,30.5027,True,0.7734,False,True,False,AugmentationType.SPEED|NOISE
007-40.wav,007-40_augmented_pch_msk.wav,23.5903,23.5903,False,1.0,True,False,True,AugmentationType.PITCH|TIME_MASK
007-40.wav,007-40_augmented_nse_msk.wav,23.5903,23.5903,False,1.0,False,True,False,AugmentationType.NOISE|TIME_MASK
038-130.wav,038-130_augmented_spd_pch.wav,15.1728,10.8175,True,1.4026,True,False,False,AugmentationType.SPEED|PITCH
038-130.wav,038-130_augmented_spd_nse.wav,15.1728,11.0563,True,1.3723,False,True,False,AugmentationType.SPEED|NOISE
038-130.wav,038-130_augmented_pch_msk.wav,15.1728,15.1728,False,1.0,True,False,False,AugmentationType.PITCH|TIME_MASK
038-130.wav,038-130_augmented_nse_msk.wav,15.1728,15.1728,False,1.0,False,True,True,AugmentationType.NOISE|TIME_MASK
022-73.wav,022-73_augmented_spd_pch.wav,8.87,10.9786,True,0.8079,True,False,False,AugmentationType.SPEED|PITCH
022-73.wav,022-73_augmented_spd_nse.wav,8.87,9.3583,True,0.9478,False,False,False,AugmentationType.SPEED|NOISE
022-73.wav,022-73_augmented_pch_msk.wav,8.87,8.87,False,1.0,True,False,True,AugmentationType.PITCH|TIME_MASK
022-73.wav,022-73_augmented_nse_msk.wav,8.87,8.87,False,1.0,False,True,True,AugmentationType.NOISE|TIME_MASK
020-131.wav,020-131_augmented_spd_pch.wav,6.69,7.033,True,0.9512,True,False,False,AugmentationType.SPEED|PITCH
020-131.wav,020-131_augmented_spd_nse.wav,6.69,5.6866,True,1.1764,False,True,False,AugmentationType.SPEED|NOISE
020-131.wav,020-131_augmented_pch_msk.wav,6.69,6.69,False,1.0,True,False,True,AugmentationType.PITCH|TIME_MASK
020-131.wav,020-131_augmented_nse_msk.wav,6.69,6.69,False,1.0,False,False,True,AugmentationType.NOISE|TIME_MASK
014-87.wav,014-87_augmented_spd_pch.wav,8.6007,11.6791,True,0.7364,True,False,False,AugmentationType.SPEED|PITCH
014-87.wav,014-87_augmented_spd_nse.wav,8.6007,5.8831,True,1.4619,False,True,False,AugmentationType.SPEED|NOISE
014-87.wav,014-87_augmented_pch_msk.wav,8.6007,8.6007,False,1.0,True,False,True,AugmentationType.PITCH|TIME_MASK
014-87.wav,014-87_augmented_nse_msk.wav,8.6007,8.6007,False,1.0,False,True,True,AugmentationType.NOISE|TIME_MASK
023-85.wav,023-85_augmented_spd_pch.wav,8.91,8.1665,True,1.091,True,False,False,AugmentationType.SPEED|PITCH
023-85.wav,023-85_augmented_spd_nse.wav,8.91,6.5504,True,1.3602,False,True,False,AugmentationType.SPEED|NOISE
023-85.wav,023-85_augmented_pch_msk.wav,8.91,8.91,False,1.0,True,False,True,AugmentationType.PITCH|TIME_MASK
023-85.wav,023-85_augmented_nse_msk.wav,8.91,8.91,False,1.0,False,True,False,AugmentationType.NOISE|TIME_MASK
012-92.wav,012-92_augmented_spd_pch.wav,9.26,13.1512,True,0.7041,True,False,False,AugmentationType.SPEED|PITCH
012-92.wav,012-92_augmented_spd_nse.wav,9.26,6.4129,True,1.444,False,True,False,AugmentationType.SPEED|NOISE
012-92.wav,012-92_augmented_pch_msk.wav,9.26,9.26,False,1.0,True,False,True,AugmentationType.PITCH|TIME_MASK
012-92.wav,012-92_augmented_nse_msk.wav,9.26,9.26,False,1.0,False,True,False,AugmentationType.NOISE|TIME_MASK
037-36.wav,037-36_augmented_spd_pch.wav,21.4629,14.8203,True,1.4482,True,False,False,AugmentationType.SPEED|PITCH
037-36.wav,037-36_augmented_spd_nse.wav,21.4629,16.6251,True,1.291,False,True,False,AugmentationType.SPEED|NOISE
037-36.wav,037-36_augmented_pch_msk.wav,21.4629,21.4629,False,1.0,True,False,False,AugmentationType.PITCH|TIME_MASK
037-36.wav,037-36_augmented_nse_msk.wav,21.4629,21.4629,False,1.0,False,True,True,AugmentationType.NOISE|TIME_MASK
007-31.wav,007-31_augmented_spd_pch.wav,8.6007,9.092,True,0.946,True,False,False,AugmentationType.SPEED|PITCH
007-31.wav,007-31_augmented_spd_nse.wav,8.6007,8.5105,True,1.0106,False,True,False,AugmentationType.SPEED|NOISE
007-31.wav,007-31_augmented_pch_msk.wav,8.6007,8.6007,False,1.0,True,False,True,AugmentationType.PITCH|TIME_MASK
007-31.wav,007-31_augmented_nse_msk.wav,8.6007,8.6007,False,1.0,False,False,True,AugmentationType.NOISE|TIME_MASK
023-122.wav,023-122_augmented_spd_pch.wav,8.4209,9.8894,True,0.8515,True,False,False,AugmentationType.SPEED|PITCH
023-122.wav,023-122_augmented_spd_nse.wav,8.4209,8.2596,True,1.0195,False,False,False,AugmentationType.SPEED|NOISE
023-122.wav,023-122_augmented_pch_msk.wav,8.4209,8.4209,False,1.0,True,False,True,AugmentationType.PITCH|TIME_MASK
023-122.wav,023-122_augmented_nse_msk.wav,8.4209,8.4209,False,1.0,False,True,True,AugmentationType.NOISE|TIME_MASK
027-78.wav,027-78_augmented_spd_pch.wav,11.43,8.5222,True,1.3412,True,False,False,AugmentationType.SPEED|PITCH
027-78.wav,027-78_augmented_spd_nse.wav,11.43,10.1291,True,1.1284,False,True,False,AugmentationType.SPEED|NOISE
027-78.wav,027-78_augmented_pch_msk.wav,11.43,11.43,False,1.0,True,False,True,AugmentationType.PITCH|TIME_MASK
027-78.wav,027-78_augmented_nse_msk.wav,11.43,11.43,False,1.0,False,True,False,AugmentationType.NOISE|TIME_MASK
008-66.wav,008-66_augmented_spd_pch.wav,11.1085,8.467,True,1.312,True,False,False,AugmentationType.SPEED|PITCH
008-66.wav,008-66_augmented_spd_nse.wav,11.1085,7.5622,True,1.4689,False,True,False,AugmentationType.SPEED|NOISE
008-66.wav,008-66_augmented_pch_msk.wav,11.1085,11.1085,False,1.0,True,False,True,AugmentationType.PITCH|TIME_MASK
008-66.wav,008-66_augmented_nse_msk.wav,11.1085,11.1085,False,1.0,False,True,False,AugmentationType.NOISE|TIME_MASK
023-54.wav,023-54_augmented_spd_pch.wav,9.21,12.7984,True,0.7196,True,False,False,AugmentationType.SPEED|PITCH
023-54.wav,023-54_augmented_spd_nse.wav,9.21,12.6509,True,0.728,False,False,False,AugmentationType.SPEED|NOISE
023-54.wav,023-54_augmented_pch_msk.wav,9.21,9.21,False,1.0,True,False,True,AugmentationType.PITCH|TIME_MASK
023-54.wav,023-54_augmented_nse_msk.wav,9.21,9.21,False,1.0,False,True,True,AugmentationType.NOISE|TIME_MASK
022-79.wav,022-79_augmented_spd_pch.wav,11.09,10.6873,True,1.0377,True,False,False,AugmentationType.SPEED|PITCH
022-79.wav,022-79_augmented_spd_nse.wav,11.09,9.104,True,1.2181,False,False,False,AugmentationType.SPEED|NOISE
022-79.wav,022-79_augmented_pch_msk.wav,11.09,11.09,False,1.0,True,False,False,AugmentationType.PITCH|TIME_MASK
022-79.wav,022-79_augmented_nse_msk.wav,11.09,11.09,False,1.0,False,True,False,AugmentationType.NOISE|TIME_MASK
024-92.wav,024-92_augmented_spd_pch.wav,11.99,11.3618,True,1.0553,True,False,False,AugmentationType.SPEED|PITCH
024-92.wav,024-92_augmented_spd_nse.wav,11.99,15.2717,True,0.7851,False,False,False,AugmentationType.SPEED|NOISE
024-92.wav,024-92_augmented_pch_msk.wav,11.99,11.99,False,1.0,True,False,False,AugmentationType.PITCH|TIME_MASK
024-92.wav,024-92_augmented_nse_msk.wav,11.99,11.99,False,1.0,False,False,True,AugmentationType.NOISE|TIME_MASK
006-28.wav,006-28_augmented_spd_pch.wav,10.5571,8.5368,True,1.2367,True,False,False,AugmentationType.SPEED|PITCH
006-28.wav,006-28_augmented_spd_nse.wav,10.5571,14.5531,True,0.7254,False,True,False,AugmentationType.SPEED|NOISE
006-28.wav,006-28_augmented_pch_msk.wav,10.5571,10.5571,False,1.0,True,False,True,AugmentationType.PITCH|TIME_MASK
006-28.wav,006-28_augmented_nse_msk.wav,10.5571,10.5571,False,1.0,False,True,False,AugmentationType.NOISE|TIME_MASK
014-76.wav,014-76_augmented_spd_pch.wav,13.395,12.3119,True,1.088,True,False,False,AugmentationType.SPEED|PITCH
014-76.wav,014-76_augmented_spd_nse.wav,13.395,16.575,True,0.8081,False,True,False,AugmentationType.SPEED|NOISE
014-76.wav,014-76_augmented_pch_msk.wav,13.395,13.395,False,1.0,True,False,False,AugmentationType.PITCH|TIME_MASK
014-76.wav,014-76_augmented_nse_msk.wav,13.395,13.395,False,1.0,False,True,True,AugmentationType.NOISE|TIME_MASK
039-29.wav,039-29_augmented_spd_pch.wav,16.6277,21.2076,True,0.784,True,False,False,AugmentationType.SPEED|PITCH
039-29.wav,039-29_augmented_spd_nse.wav,16.6277,22.2358,True,0.7478,False,True,False,AugmentationType.SPEED|NOISE
039-29.wav,039-29_augmented_pch_msk.wav,16.6277,16.6277,False,1.0,True,False,True,AugmentationType.PITCH|TIME_MASK
039-29.wav,039-29_augmented_nse_msk.wav,16.6277,16.6277,False,1.0,False,True,False,AugmentationType.NOISE|TIME_MASK
041-116.wav,041-116_augmented_spd_pch.wav,16.0978,14.3826,True,1.1193,True,False,False,AugmentationType.SPEED|PITCH
041-116.wav,041-116_augmented_spd_nse.wav,16.0978,15.3156,True,1.0511,False,True,False,AugmentationType.SPEED|NOISE
041-116.wav,041-116_augmented_pch_msk.wav,16.0978,16.0978,False,1.0,True,False,False,AugmentationType.PITCH|TIME_MASK
041-116.wav,041-116_augmented_nse_msk.wav,16.0978,16.0978,False,1.0,False,True,False,AugmentationType.NOISE|TIME_MASK
023-05.wav,023-05_augmented_spd_pch.wav,14.74,12.1433,True,1.2138,True,False,False,AugmentationType.SPEED|PITCH
023-05.wav,023-05_augmented_spd_nse.wav,14.74,15.8109,True,0.9323,False,True,False,AugmentationType.SPEED|NOISE
023-05.wav,023-05_augmented_pch_msk.wav,14.74,14.74,False,1.0,True,False,False,AugmentationType.PITCH|TIME_MASK
023-05.wav,023-05_augmented_nse_msk.wav,14.74,14.74,False,1.0,False,False,False,AugmentationType.NOISE|TIME_MASK
040-48.wav,040-48_augmented_spd_pch.wav,18.3498,13.6441,True,1.3449,True,False,False,AugmentationType.SPEED|PITCH
040-48.wav,040-48_augmented_spd_nse.wav,18.3498,13.5207,True,1.3572,False,True,False,AugmentationType.SPEED|NOISE
040-48.wav,040-48_augmented_pch_msk.wav,18.3498,18.3498,False,1.0,True,False,False,AugmentationType.PITCH|TIME_MASK
040-48.wav,040-48_augmented_nse_msk.wav,18.3498,18.3498,False,1.0,False,True,True,AugmentationType.NOISE|TIME_MASK
018-112.wav,018-112_augmented_spd_pch.wav,20.82,15.7824,True,1.3192,True,False,False,AugmentationType.SPEED|PITCH
018-112.wav,018-112_augmented_spd_nse.wav,20.82,14.8912,True,1.3981,False,False,False,AugmentationType.SPEED|NOISE
018-112.wav,018-112_augmented_pch_msk.wav,20.82,20.82,False,1.0,True,False,False,AugmentationType.PITCH|TIME_MASK
018-112.wav,018-112_augmented_nse_msk.wav,20.82,20.82,False,1.0,False,True,False,AugmentationType.NOISE|TIME_MASK
027-92.wav,027-92_augmented_spd_pch.wav,10.01,10.5124,True,0.9522,True,False,False,AugmentationType.SPEED|PITCH
027-92.wav,027-92_augmented_spd_nse.wav,10.01,9.4217,True,1.0624,False,True,False,AugmentationType.SPEED|NOISE
027-92.wav,027-92_augmented_pch_msk.wav,10.01,10.01,False,1.0,True,False,True,AugmentationType.PITCH|TIME_MASK
027-92.wav,027-92_augmented_nse_msk.wav,10.01,10.01,False,1.0,False,True,True,AugmentationType.NOISE|TIME_MASK
010-24.wav,010-24_augmented_spd_pch.wav,7.9506,7.3779,True,1.0776,True,False,False,AugmentationType.SPEED|PITCH
010-24.wav,010-24_augmented_spd_nse.wav,7.9506,5.8172,True,1.3667,False,True,False,AugmentationType.SPEED|NOISE
010-24.wav,010-24_augmented_pch_msk.wav,7.9506,7.9506,False,1.0,True,False,True,AugmentationType.PITCH|TIME_MASK
010-24.wav,010-24_augmented_nse_msk.wav,7.9506,7.9506,False,1.0,False,False,False,AugmentationType.NOISE|TIME_MASK
